id,first_name,last_name,email,gender,ip_address,skill,height
1,Dacia,Wrates,dwrates0@symantec.com,Female,166.64.27.247,JPAS,62
2,Frants,Frow,ffrow1@wix.com,Male,99.35.192.209,Research Ethics,69
3,Hesther,Rustich,hrustich2@exblog.jp,Agender,180.22.251.23,CX,65
4,Irina,Vasyatkin,ivasyatkin3@utexas.edu,Polygender,174.117.242.204,Medication Therapy Management,71
5,Flinn,Tesmond,ftesmond4@java.com,Non-binary,119.7.105.17,BDC programming,68
6,Kurtis,Boxell,kboxell5@hud.gov,Female,194.93.40.13,CPA,75
7,Natala,Khadir,nkhadir6@myspace.com,Non-binary,173.73.28.191,Pdf,76
8,Charlton,Sherrett,csherrett7@amazon.co.uk,Non-binary,190.48.211.216,GPG,72
9,Hermine,Grigorescu,hgrigorescu8@deviantart.com,Male,112.108.88.10,UCP,69
10,Goddart,Bilyard,gbilyard9@wikia.com,Agender,30.26.136.4,JSLint,68
11,Janeva,Stichall,jstichalla@bbb.org,Bigender,39.148.230.219,Xbox,79
12,Jacky,Lyon,jlyonb@hatena.ne.jp,Agender,221.25.32.151,Financial Statements,76
13,Rollie,Baddow,rbaddowc@google.cn,Polygender,34.136.178.68,OS/390,66
14,Homer,Littley,hlittleyd@yahoo.com,Genderfluid,8.27.184.57,JScript,72
15,Alicea,Tyndall,atyndalle@yellowbook.com,Male,213.166.206.181,BCNE,63
16,Shadow,Gosse,sgossef@cpanel.net,Bigender,72.73.128.195,Mortgage Banking,74
17,Clarie,Lehrmann,clehrmanng@google.nl,Non-binary,146.228.30.37,Unfair Competition,67
18,Bess,Demanche,bdemancheh@comsenz.com,Bigender,19.189.28.67,Ion Implantation,70
19,Franzen,Smardon,fsmardoni@nationalgeographic.com,Genderfluid,115.113.7.11,QPST,71
20,Moselle,Caplan,mcaplanj@networkadvertising.org,Agender,14.214.178.34,Electrical Troubleshooting,73
21,Galina,Murrock,gmurrockk@acquirethisname.com,Agender,126.116.53.203,Agriculture,76
22,Boony,Tyreman,btyremanl@issuu.com,Non-binary,57.198.153.162,Flight Test,76
23,Leisha,Pattrick,lpattrickm@liveinternet.ru,Female,20.186.70.83,Photo Shoots,78
24,Brinn,Fransman,bfransmann@scientificamerican.com,Genderqueer,134.51.87.21,Twilio,70
25,Scottie,Foucar,sfoucaro@ehow.com,Genderfluid,224.212.102.217,Small Business,72
26,Reggie,McKelloch,rmckellochp@google.ca,Female,115.26.31.37,Ayurveda,63
27,Nelie,Eakeley,neakeleyq@google.pl,Genderfluid,6.69.90.252,NPIV,66
28,Ringo,Shailer,rshailerr@aboutads.info,Agender,237.229.164.214,Organizational Leadership,69
29,Alon,Josipovic,ajosipovics@disqus.com,Non-binary,181.89.245.139,ICP-MS,64
30,Duff,Bee,dbeet@digg.com,Agender,109.39.130.32,Professional Ethics,72
31,Osborne,Tuffrey,otuffreyu@wsj.com,Polygender,179.45.92.115,Post Production,72
32,Jasmine,Moffet,jmoffetv@deviantart.com,Polygender,99.146.176.242,Ember.js,71
33,Petronella,Ayre,payrew@amazon.com,Agender,124.46.29.94,RDFa,73
34,Grover,Blouet,gblouetx@elpais.com,Non-binary,244.11.239.165,Biostatistics,73
35,Sonni,Hairs,shairsy@patch.com,Female,30.162.34.47,FMCSR,69
36,Hardy,Stroton,hstrotonz@xrea.com,Bigender,205.221.249.245,Aircraft,76
37,Obadiah,Botwood,obotwood10@toplist.cz,Polygender,170.151.198.131,SQL*Plus,72
38,Bee,Rollett,brollett11@blogs.com,Genderqueer,73.203.101.118,Dispute Resolution,62
39,Franny,Leaming,fleaming12@jigsy.com,Male,127.76.119.63,Executive Coaching,71
40,Fabien,Cleeton,fcleeton13@redcross.org,Bigender,43.240.82.18,Security,66
41,Freddy,Cluff,fcluff14@hc360.com,Male,206.124.104.222,Procurement Outsourcing,66
42,Suzanne,Le Gallo,slegallo15@mac.com,Genderfluid,40.117.85.98,Sports Marketing,74
43,Nora,Guice,nguice16@woothemes.com,Female,64.160.253.85,Leave of Absence,74
44,Eleanore,Whapham,ewhapham17@slate.com,Genderqueer,39.245.170.185,Grants,62
45,Miof mela,Pohl,mpohl18@wikimedia.org,Female,231.165.168.3,RDP,67
46,Jeniece,Doll,jdoll19@t.co,Male,34.224.226.160,Personal Injury,61
47,Latrena,Lafflina,llafflina1a@forbes.com,Bigender,238.121.98.161,Gel Electrophoresis,70
48,Halsy,Massimo,hmassimo1b@opera.com,Female,244.35.91.255,Powder X-ray Diffraction,74
49,Phillis,Daud,pdaud1c@prnewswire.com,Female,166.195.130.2,AQTESOLV,72
50,Rheba,Cunnow,rcunnow1d@mtv.com,Male,158.20.250.241,Jingles,75
51,Cullan,De Vaan,cdevaan1e@netscape.com,Agender,46.32.7.179,RWD Info Pak,80
52,Luther,Danilin,ldanilin1f@lulu.com,Female,64.57.240.84,Visual Communication,71
53,Dennison,Pescott,dpescott1g@vk.com,Bigender,160.2.158.130,Creative Strategy,74
54,Chevy,Zanussii,czanussii1h@google.co.uk,Male,185.108.205.207,HQL,65
55,Tammy,Shelford,tshelford1i@topsy.com,Genderfluid,255.194.129.52,Carrier Ethernet,64
56,Roy,Baggally,rbaggally1j@reuters.com,Non-binary,160.118.236.135,DXX,61
57,Francklin,Whittaker,fwhittaker1k@paginegialle.it,Genderqueer,211.73.182.204,vShield,71
58,Silvia,Belleny,sbelleny1l@tamu.edu,Genderqueer,77.151.37.196,EOS,73
59,Desi,Ticic,dticic1m@buzzfeed.com,Female,143.94.77.89,International NGOs,60
60,Avram,Iacobetto,aiacobetto1n@yelp.com,Female,160.112.159.185,Aquaponics,68
61,Conni,Cowey,ccowey1o@newyorker.com,Polygender,190.238.254.250,WAN,75
62,Maddie,Mateja,mmateja1p@fc2.com,Male,189.253.125.34,Business Transformation,66
63,Callie,Rishbrook,crishbrook1q@ucla.edu,Genderfluid,135.2.209.186,WPF,66
64,Reena,Eadington,readington1r@skyrock.com,Genderqueer,220.190.16.57,Laboratory,64
65,Corinna,Izatson,cizatson1s@geocities.com,Male,23.31.164.255,Utility Industry,72
66,Matti,Garmanson,mgarmanson1t@ovh.net,Bigender,98.120.168.50,Organic Chemistry,67
67,Rusty,Beazer,rbeazer1u@bizjournals.com,Non-binary,130.72.86.157,JSON,68
68,Liesa,Levee,llevee1v@angelfire.com,Bigender,231.191.52.210,Investment Banking,75
69,Torrie,Meiklejohn,tmeiklejohn1w@hud.gov,Female,129.44.217.92,Online Help,67
70,Etta,Luesley,eluesley1x@princeton.edu,Female,8.51.214.137,TIG Welding,67
71,Oralla,Spratley,ospratley1y@google.com.br,Female,215.247.225.109,Historical Research,64
72,Jessy,Dyball,jdyball1z@bing.com,Agender,43.63.101.4,Estate Planning,67
73,Kit,Pady,kpady20@wikipedia.org,Non-binary,179.110.88.235,Lutron,64
74,Mac,Darnell,mdarnell21@fema.gov,Non-binary,220.43.142.15,Young Adult Literature,71
75,Salmon,McCaw,smccaw22@columbia.edu,Agender,105.20.188.131,Xactly,68
76,Gabe,Toyne,gtoyne23@ask.com,Agender,227.173.95.2,Program Development,58
77,Jeana,Cockshott,jcockshott24@opera.com,Genderfluid,249.221.228.64,Video Production,75
78,Dudley,Peracco,dperacco25@example.com,Female,142.210.241.132,CMBS,76
79,Shayne,Larmor,slarmor26@mapy.cz,Genderqueer,149.171.16.17,Social Skills,70
80,Candis,Gawith,cgawith27@ft.com,Agender,27.192.42.131,Stakeholder Management,68
81,Theresita,Allam,tallam28@cbslocal.com,Genderqueer,133.72.160.161,JTest,77
82,Zaneta,Skirling,zskirling29@yelp.com,Genderqueer,145.176.9.64,GNS3,62
83,Sophey,Vader,svader2a@sourceforge.net,Bigender,154.206.113.147,Foreign Trade Zone,73
84,Adrianne,Llywarch,allywarch2b@baidu.com,Bigender,174.138.134.218,TCL,69
85,Thor,Janoschek,tjanoschek2c@ed.gov,Female,156.154.107.56,Illustrator,66
86,Sari,Gratten,sgratten2d@oracle.com,Non-binary,157.60.229.136,BDC programming,73
87,Lincoln,Auger,lauger2e@ezinearticles.com,Female,71.3.234.94,PLC Allen Bradley,79
88,Halsey,Elves,helves2f@tamu.edu,Genderqueer,217.86.182.153,Behavioral Health,69
89,Antonio,Skoof,askoof2g@taobao.com,Agender,197.128.150.203,Fiber Optics,77
90,Lynna,Hucks,lhucks2h@yahoo.com,Genderfluid,120.52.235.153,Yellow Pages,77
91,Darbee,Bayston,dbayston2i@mlb.com,Bigender,69.101.123.213,TMJ Dysfunction,76
92,Cassy,Bowes,cbowes2j@a8.net,Bigender,4.176.118.90,Web Design,67
93,Fairleigh,Simmank,fsimmank2k@wordpress.com,Bigender,223.183.176.117,VDI,65
94,Skip,Khomishin,skhomishin2l@weather.com,Polygender,246.135.34.208,MMI,69
95,Cristabel,Eveling,ceveling2m@youku.com,Genderqueer,155.254.250.147,MCSA Security,78
96,Johann,Pulford,jpulford2n@wikipedia.org,Female,81.53.119.144,Tumblr,73
97,Rudolph,Snoddon,rsnoddon2o@google.pl,Agender,35.65.29.120,CMC Regulatory Affairs,73
98,Grier,Simko,gsimko2p@kickstarter.com,Bigender,195.53.99.160,RELAX NG,68
99,Kaitlin,Pane,kpane2q@multiply.com,Genderqueer,90.110.83.100,Organizational Design,66
100,Kai,Brando,kbrando2r@spotify.com,Non-binary,192.97.74.99,HP Quality Center,68
101,Burty,Kellart,bkellart2s@tinyurl.com,Male,67.161.198.220,SGE,75
102,Shannen,Maylour,smaylour2t@va.gov,Female,36.67.45.125,NRF,76
103,Lindon,Trewhela,ltrewhela2u@comsenz.com,Agender,57.142.73.23,Utility Billing,73
104,Gael,Antoszczyk,gantoszczyk2v@woothemes.com,Male,50.243.105.242,Iron Ore,72
105,Edgard,Heggs,eheggs2w@kickstarter.com,Female,102.142.59.63,GMDSS,73
106,Raimundo,Galbraith,rgalbraith2x@desdev.cn,Non-binary,104.188.192.5,Human Anatomy,67
107,Abby,Lamping,alamping2y@guardian.co.uk,Male,173.9.124.114,HCSS,70
108,Fleurette,Shuard,fshuard2z@google.nl,Non-binary,152.84.86.17,Customer Insight,74
109,Helaine,MacDowal,hmacdowal30@cloudflare.com,Female,50.255.111.28,EEO Compliance,76
110,Jacinda,Carradice,jcarradice31@icq.com,Non-binary,56.72.153.169,Cost Benefit,64
111,Jaquith,Durak,jdurak32@drupal.org,Female,216.117.37.225,Economics,59
112,Jeth,Wetherald,jwetherald33@nyu.edu,Genderfluid,99.213.116.169,UCCE,74
113,Electra,McCully,emccully34@usda.gov,Female,38.43.217.210,USDA Rural Housing,64
114,Albertine,Paudin,apaudin35@xinhuanet.com,Polygender,60.121.73.253,MD&amp;A,76
115,Hugo,Choake,hchoake36@amazon.co.uk,Female,225.124.172.238,HP NonStop,70
116,Reinhard,Finlry,rfinlry37@symantec.com,Female,159.149.67.31,RSoft,73
117,Fannie,Westrip,fwestrip38@angelfire.com,Genderfluid,172.57.27.19,AAUS Scientific Diver,72
118,Radcliffe,McCalum,rmccalum39@irs.gov,Agender,3.96.252.228,FCAW,50
119,Jasun,Scarfe,jscarfe3a@census.gov,Female,37.99.164.135,Virtual DJ,74
120,Josepha,Bicker,jbicker3b@51.la,Bigender,185.120.177.78,Chemical Engineering,66
121,Barney,McNish,bmcnish3c@yellowpages.com,Genderqueer,207.152.219.224,CICS,69
122,Dyanne,Duffett,dduffett3d@themeforest.net,Bigender,18.101.215.38,BPML,69
123,Lottie,Ashlee,lashlee3e@arstechnica.com,Bigender,113.101.158.174,Clinical Supervision,76
124,Meris,Proby,mproby3f@baidu.com,Female,239.68.185.187,BDMS,73
125,Waldon,Doorey,wdoorey3g@google.de,Genderfluid,231.137.148.216,Light Rail,77
126,Leicester,Kopelman,lkopelman3h@lycos.com,Female,200.76.90.255,Umbrellas,64
127,Domeniga,Hellmer,dhellmer3i@mashable.com,Agender,40.47.124.147,HCP,56
128,Genovera,Jiracek,gjiracek3j@surveymonkey.com,Genderqueer,181.241.174.35,Updos,71
129,Mufinella,Imlaw,mimlaw3k@netscape.com,Non-binary,7.196.130.71,Operational Risk,70
130,Anderea,Mettericke,amettericke3l@weebly.com,Genderfluid,12.189.121.143,TTP,70
131,Janeva,Veness,jveness3m@earthlink.net,Agender,82.182.32.10,Epi Info,72
132,Wynn,Kirkland,wkirkland3n@amazonaws.com,Female,169.117.136.60,Fences,77
133,Amelie,Readwood,areadwood3o@wp.com,Agender,33.190.252.27,Epoxy,66
134,Giacinta,Eckart,geckart3p@unblog.fr,Genderfluid,138.252.69.75,CDMA 1X,66
135,Klara,Tebbet,ktebbet3q@ucoz.com,Agender,25.236.91.126,ISTQB,68
136,Tadeo,Wettern,twettern3r@biblegateway.com,Agender,88.198.78.239,Access Control,70
137,Darleen,Pavier,dpavier3s@pbs.org,Polygender,104.40.193.247,FBA,70
138,Zelma,Agnew,zagnew3t@goo.gl,Genderqueer,143.228.247.229,Zebrafish,61
139,Markos,Truce,mtruce3u@answers.com,Genderqueer,165.214.216.123,CTQ,71
140,Pernell,Gyves,pgyves3v@tuttocitta.it,Female,120.73.196.131,GPG,69
141,Orelia,Meenehan,omeenehan3w@berkeley.edu,Male,235.114.218.94,SDL,71
142,Dukey,Marling,dmarling3x@wikia.com,Agender,51.193.94.172,JDA E3,75
143,Rudie,Handling,rhandling3y@indiegogo.com,Male,159.15.109.171,Zoho,74
144,Darren,Penna,dpenna3z@umich.edu,Female,26.89.41.127,ITIL Certified,74
145,Reba,Lant,rlant40@chronoengine.com,Genderqueer,133.64.43.153,People Management,65
146,Bill,Albinson,balbinson41@gravatar.com,Agender,73.36.131.46,Yamaha PM5D,77
147,Ninette,Simmonett,nsimmonett42@census.gov,Male,110.194.84.177,Graduate Recruitment,67
148,Opaline,Adderley,oadderley43@ezinearticles.com,Agender,169.234.178.15,RMX,71
149,Valaria,Camplejohn,vcamplejohn44@163.com,Non-binary,205.73.28.227,OH&amp;S,73
150,Marina,Letten,mletten45@admin.ch,Polygender,94.43.157.251,HPHT,73
151,Codie,Audrey,caudrey46@canalblog.com,Bigender,186.211.236.12,Zoology,64
152,Alvis,Benito,abenito47@arizona.edu,Male,18.192.133.126,DTH,69
153,Cori,Brinson,cbrinson48@instagram.com,Genderqueer,23.29.249.5,Eaglesoft,79
154,Gordon,Carley,gcarley49@reddit.com,Genderqueer,124.5.10.196,UK Tax,64
155,Sansone,Schmuhl,sschmuhl4a@weebly.com,Genderfluid,254.71.108.94,CMake,76
156,Quentin,Thrussell,qthrussell4b@photobucket.com,Genderfluid,195.73.138.159,Ultrafast Spectroscopy,67
157,Kirbee,Jodkowski,kjodkowski4c@wix.com,Non-binary,12.195.118.85,Custom Furniture,65
158,Dave,Punch,dpunch4d@jiathis.com,Polygender,119.87.0.21,McData,76
159,Anne-corinne,Arnell,aarnell4e@cornell.edu,Agender,138.223.152.58,VSAT,75
160,Rabi,Cordey,rcordey4f@meetup.com,Bigender,141.232.91.147,Rock Mechanics,64
161,Nev,Andreia,nandreia4g@adobe.com,Male,169.50.161.177,Quest vWorkspace,68
162,Eyde,Potell,epotell4h@discuz.net,Bigender,87.181.146.208,SDL,70
163,Izabel,Hounihan,ihounihan4i@amazonaws.com,Polygender,121.241.67.31,Nutritional Counseling,76
164,Brennen,Scardifeild,bscardifeild4j@fastcompany.com,Female,174.146.211.86,Legal Liability,74
165,Osbourn,Bamlett,obamlett4k@soundcloud.com,Polygender,148.41.23.220,WSRR,73
166,Kevon,Ledley,kledley4l@yellowbook.com,Agender,170.9.119.83,EBPP,68
167,Hazel,Stanway,hstanway4m@prnewswire.com,Genderqueer,137.242.114.243,Ironport,61
168,Sabine,Wessing,swessing4n@smugmug.com,Genderqueer,2.195.12.187,DBT,78
169,Umberto,Lebond,ulebond4o@g.co,Female,117.159.14.160,Lawson HRIS,69
170,Ransom,Brogan,rbrogan4p@adobe.com,Genderfluid,214.54.30.168,Alternative Investments,78
171,Camel,Danelut,cdanelut4q@goo.ne.jp,Bigender,174.42.159.226,Vulnerability Scanning,70
172,Gisella,Vears,gvears4r@mozilla.com,Genderfluid,20.28.96.41,Zooarchaeology,61
173,Nelly,MacDonogh,nmacdonogh4s@ihg.com,Non-binary,64.178.153.114,qRT-PCR,63
174,Vonni,Bartocci,vbartocci4t@msn.com,Male,36.203.231.210,Mac &amp; PC platforms,73
175,Aileen,Potticary,apotticary4u@ebay.co.uk,Genderqueer,66.147.195.148,KWI,66
176,Bryan,Jewess,bjewess4v@vistaprint.com,Genderqueer,213.61.222.66,FPGA,70
177,Leicester,Collymore,lcollymore4w@ibm.com,Non-binary,28.197.207.160,Political Economy,69
178,Kendricks,O'Hoey,kohoey4x@omniture.com,Female,51.88.198.174,Teaching,72
179,Vitoria,Seak,vseak4y@odnoklassniki.ru,Polygender,129.181.48.74,Iptables,63
180,Mikey,Withams,mwithams4z@marriott.com,Agender,12.83.249.155,SEO,78
181,Rube,Mish,rmish50@businessweek.com,Bigender,166.149.103.193,Wind,71
182,Melamie,Orneles,morneles51@com.com,Bigender,60.247.77.12,AHP,75
183,Ximenez,Scholig,xscholig52@multiply.com,Agender,124.151.45.196,IEC 61131-3,71
184,Lanette,Hylton,lhylton53@ucsd.edu,Genderqueer,18.120.125.87,XPath,72
185,Ive,Gabbatt,igabbatt54@wired.com,Agender,4.220.16.169,NRSWA,73
186,Ellynn,Newberry,enewberry55@moonfruit.com,Genderfluid,198.162.95.127,Xpediter,70
187,Laurel,Reubbens,lreubbens56@nasa.gov,Genderqueer,80.190.183.226,NCBI,67
188,Matthias,Karlsen,mkarlsen57@engadget.com,Non-binary,34.232.64.77,Cost Accounting,62
189,Hendrick,Chisnall,hchisnall58@skype.com,Bigender,84.168.192.34,Title IV,71
190,Collete,Heinle,cheinle59@theguardian.com,Bigender,108.215.213.14,RNA Biology,68
191,Lincoln,Duffit,lduffit5a@walmart.com,Male,201.170.134.197,Errors &amp; Omissions,71
192,Jacky,Isakov,jisakov5b@nature.com,Agender,71.203.51.107,IPTV,73
193,Malina,Garthshore,mgarthshore5c@webnode.com,Female,221.242.201.54,AODA,81
194,Arluene,Fattorini,afattorini5d@chronoengine.com,Female,255.232.242.19,Freelance Writing,66
195,Husein,Vassel,hvassel5e@hp.com,Female,156.136.150.20,HBOC,74
196,Ariel,Reynoollds,areynoollds5f@blog.com,Polygender,235.130.239.130,FSMS,71
197,Melitta,MacCome,mmaccome5g@paypal.com,Bigender,36.169.154.213,OMB Circular A-133,74
198,Dyan,Macconachy,dmacconachy5h@theguardian.com,Genderfluid,225.80.43.186,LDS,67
199,Tobey,Dods,tdods5i@netscape.com,Agender,55.4.8.132,HTC,71
200,Hugues,McLoughlin,hmcloughlin5j@wired.com,Genderqueer,152.47.176.3,Airports,67
201,Lilllie,Peel,lpeel5k@nasa.gov,Genderfluid,197.98.118.186,VSEO,75
202,Grover,Elwell,gelwell5l@patch.com,Male,23.186.84.118,DCN,69
203,Emmit,Janata,ejanata5m@reddit.com,Polygender,3.232.92.125,Alcohol Awareness,72
204,Launce,Matteau,lmatteau5n@bandcamp.com,Male,87.52.144.187,Focus Groups,68
205,Tessi,Barltrop,tbarltrop5o@vistaprint.com,Bigender,75.159.152.224,UV-Vis-NIR,71
206,Cynthea,Lintott,clintott5p@vimeo.com,Bigender,219.67.105.181,KPI Implementation,69
207,Edgardo,Bridgement,ebridgement5q@surveymonkey.com,Agender,34.254.59.65,IES Virtual Environment,70
208,Eveline,Poulett,epoulett5r@live.com,Female,147.206.205.217,Git,74
209,Putnem,Boyda,pboyda5s@joomla.org,Bigender,197.241.251.81,Conservation Issues,67
210,Erastus,Grzeszczyk,egrzeszczyk5t@desdev.cn,Female,158.8.10.112,DNA Repair,69
211,Dulcinea,Bairnsfather,dbairnsfather5u@rakuten.co.jp,Agender,85.20.215.199,Galleries,70
212,Zared,Golden,zgolden5v@mit.edu,Polygender,77.93.41.76,Emergency Nursing,71
213,Ulrikaumeko,Liley,uliley5w@who.int,Genderfluid,210.183.185.147,SV,66
214,Francklyn,Aloshkin,faloshkin5x@hhs.gov,Genderfluid,39.48.20.151,LSF,77
215,Deanne,Howes,dhowes5y@jimdo.com,Female,195.8.152.124,Current Affairs,65
216,Misha,Kohlerman,mkohlerman5z@altervista.org,Polygender,64.135.163.244,AOP,61
217,Sheffie,Cardenoso,scardenoso60@mashable.com,Agender,171.37.57.114,CBD,71
218,Ransom,Klaiser,rklaiser61@ucsd.edu,Agender,47.114.153.56,VTP,71
219,Alyse,Paolini,apaolini62@mac.com,Genderfluid,91.194.95.179,Orthopedics,66
220,Christophe,Scandred,cscandred63@macromedia.com,Female,144.150.81.7,Vray,80
221,Elisabet,Odby,eodby64@nps.gov,Polygender,10.231.165.131,RPG III,77
222,Naomi,Juanico,njuanico65@ucla.edu,Female,209.228.242.206,Fortran,74
223,Jen,Floweth,jfloweth66@godaddy.com,Polygender,209.193.188.110,Negotiation,68
224,Scotty,Hoppner,shoppner67@xinhuanet.com,Male,19.45.234.215,Eclipse,71
225,Jard,Bairstow,jbairstow68@ask.com,Bigender,224.191.236.0,Corporate Branding,72
226,Linn,Duplock,lduplock69@epa.gov,Genderfluid,122.238.44.251,Youth Work,68
227,Kirbie,Halfacree,khalfacree6a@census.gov,Bigender,98.229.106.180,PNR,73
228,Sherye,Walbrun,swalbrun6b@chicagotribune.com,Male,218.105.26.185,Juniper Technologies,67
229,Ado,Hinkensen,ahinkensen6c@jiathis.com,Male,14.182.44.35,VMI,74
230,Sanson,Diviney,sdiviney6d@uiuc.edu,Male,178.97.4.113,Ergonomics,71
231,Alvera,Simionescu,asimionescu6e@desdev.cn,Bigender,101.176.4.138,FTTH,71
232,Richmound,Bridgeman,rbridgeman6f@fema.gov,Non-binary,27.212.178.208,Thin Films,68
233,Atlante,Bursnoll,abursnoll6g@edublogs.org,Male,233.221.67.180,PeopleSoft,72
234,Lydie,Height,lheight6h@imdb.com,Female,100.195.231.84,Kenan FX,67
235,Sherm,Foat,sfoat6i@purevolume.com,Non-binary,106.214.67.69,Ehcache,72
236,Corette,Robbings,crobbings6j@geocities.jp,Non-binary,131.198.100.118,Global Sourcing,75
237,Charla,Rosina,crosina6k@deviantart.com,Agender,64.219.90.94,SQL Tuning,73
238,Carl,Frape,cfrape6l@tripod.com,Female,249.221.105.147,CISSP,78
239,Killian,Dedenham,kdedenham6m@devhub.com,Bigender,86.241.102.85,IAR Embedded Workbench,70
240,Aharon,Grass,agrass6n@uol.com.br,Male,51.222.60.158,MLSS,66
241,Vito,Hatto,vhatto6o@noaa.gov,Genderqueer,60.67.175.155,VW,76
242,Skell,Fontelles,sfontelles6p@ezinearticles.com,Female,170.137.78.89,Customer Support,70
243,Hatty,Stuart,hstuart6q@mac.com,Non-binary,130.75.104.159,PCIe,70
244,Christean,Jovicic,cjovicic6r@gizmodo.com,Bigender,21.63.125.142,EU Funding,67
245,Gladi,Bamell,gbamell6s@youtu.be,Female,250.63.152.82,xCAT,59
246,Aland,Chadband,achadband6t@microsoft.com,Female,104.3.212.69,Eyebrow,63
247,Joleen,Wattins,jwattins6u@ehow.com,Genderqueer,157.136.172.124,Quality System,76
248,Erasmus,Heinsius,eheinsius6v@angelfire.com,Bigender,84.255.142.179,Pharmaceutical Sales,62
249,Jonathon,Maciejak,jmaciejak6w@github.com,Genderqueer,59.112.119.19,Android,62
250,Ingram,Grain,igrain6x@spotify.com,Genderfluid,156.149.150.154,Affirmative Action,72
251,Yuri,Yedy,yyedy6y@sitemeter.com,Polygender,55.171.88.54,GS1,65
252,Belia,Groger,bgroger6z@instagram.com,Bigender,215.93.118.248,Kosher,69
253,Dayle,Fleckno,dfleckno70@geocities.com,Agender,172.221.223.65,GXT,68
254,Quintana,Cheney,qcheney71@phoca.cz,Genderfluid,118.54.14.157,DDA,69
255,Brandie,Rathmell,brathmell72@newsvine.com,Polygender,80.95.87.167,QHSE,74
256,Julietta,Peepall,jpeepall73@time.com,Female,187.217.177.27,HDCAM,82
257,Florence,Wolfendale,fwolfendale74@delicious.com,Genderqueer,114.245.224.2,Process Piping Design,67
258,Sandor,Northen,snorthen75@weibo.com,Male,94.131.193.173,ERP Software,70
259,Jammie,Kilday,jkilday76@biblegateway.com,Polygender,5.171.168.59,Business Intelligence Tools,72
260,Galvin,Treweek,gtreweek77@rambler.ru,Genderfluid,172.229.216.52,Teacher Training,68
261,Maure,Lamplough,mlamplough78@php.net,Non-binary,48.65.32.115,Working Capital Management,76
262,Rudolph,Gabits,rgabits79@europa.eu,Genderqueer,151.70.232.56,Music Industry,68
263,Charil,Heazel,cheazel7a@ted.com,Bigender,200.10.133.123,Commercial Banking,78
264,Esme,Potbury,epotbury7b@weibo.com,Agender,41.202.138.135,IATSE,70
265,Gael,Ponnsett,gponnsett7c@state.gov,Non-binary,244.117.96.18,Avaya Technologies,69
266,Margot,Furlong,mfurlong7d@ucsd.edu,Non-binary,111.216.44.147,Product Knowledge,76
267,Shelden,Hartzogs,shartzogs7e@skype.com,Female,69.252.245.176,Supplier Quality,71
268,Harcourt,Duffer,hduffer7f@businesswire.com,Agender,248.211.89.87,iOS,72
269,Glenna,Loiterton,gloiterton7g@prlog.org,Agender,189.244.116.41,IED,62
270,Staford,Edkins,sedkins7h@digg.com,Polygender,196.236.142.241,SRDS,71
271,Erik,Conyer,econyer7i@theatlantic.com,Female,60.8.25.176,iOS Development,72
272,Rita,Edleston,redleston7j@nasa.gov,Genderfluid,147.150.145.59,NTP,71
273,Beverley,Teacy,bteacy7k@guardian.co.uk,Non-binary,141.202.158.2,IICRC Certified,76
274,Gram,Lattka,glattka7l@dailymotion.com,Agender,13.195.58.228,Rheumatoid Arthritis,67
275,Bobbie,Guilloton,bguilloton7m@tiny.cc,Bigender,140.62.250.18,Business Objects Data Integrator,71
276,Broderick,Trittam,btrittam7n@hao123.com,Bigender,220.178.101.216,Wireframes,71
277,Hestia,Andrusov,handrusov7o@123-reg.co.uk,Bigender,175.127.193.232,Sleep Disorders,64
278,Andrew,Concannon,aconcannon7p@uiuc.edu,Non-binary,173.151.199.134,Rural Development,70
279,Emlynne,Slocombe,eslocombe7q@wikipedia.org,Genderfluid,8.94.126.69,PK,59
280,Kalle,Casement,kcasement7r@oracle.com,Bigender,122.245.4.202,Microsoft SQL Server,69
281,Percy,Dericot,pdericot7s@gnu.org,Genderqueer,156.143.45.102,Joint Military Operations,62
282,Pippy,Mundy,pmundy7t@newyorker.com,Genderfluid,182.243.31.200,Dysphagia,67
283,Ly,Rollingson,lrollingson7u@wufoo.com,Male,3.40.59.168,Bartending,66
284,Alexis,Paulillo,apaulillo7v@ycombinator.com,Bigender,64.229.144.22,MySQLi,72
285,Carmine,Hassett,chassett7w@thetimes.co.uk,Female,10.144.58.247,KT,66
286,Asia,Baumaier,abaumaier7x@biglobe.ne.jp,Genderqueer,64.82.96.185,Knowledge Transfer,55
287,Pavia,Stonebanks,pstonebanks7y@live.com,Female,82.21.233.86,NPL,73
288,Dew,Lowmass,dlowmass7z@a8.net,Male,55.225.201.31,Student Affairs,65
289,Zulema,Dadge,zdadge80@xrea.com,Agender,51.32.221.75,Psychiatry,79
290,Britney,Aslott,baslott81@addthis.com,Agender,171.30.180.62,Operational Risk Management,67
291,Iggy,Fitzjohn,ifitzjohn82@51.la,Genderqueer,132.4.198.187,Abstract Paintings,79
292,Marylynne,Drewry,mdrewry83@virginia.edu,Non-binary,193.37.219.23,uDig,71
293,Chastity,Sommerling,csommerling84@nih.gov,Male,110.172.145.138,LPI,75
294,Barty,McGavigan,bmcgavigan85@cocolog-nifty.com,Male,54.235.90.161,Functional Specifications,76
295,Gale,Paireman,gpaireman86@google.pl,Female,202.181.239.249,E-commerce,71
296,Avie,Goldspink,agoldspink87@jimdo.com,Bigender,222.62.225.182,HLSL,72
297,Yovonnda,Sones,ysones88@ning.com,Polygender,197.40.207.75,RHEV,78
298,Brandi,Rathmell,brathmell89@geocities.jp,Agender,63.147.194.53,Karl Fisher,78
299,Valery,Van de Vlies,vvandevlies8a@biblegateway.com,Bigender,41.243.210.207,DNA Repair,66
300,Thorsten,Shilton,tshilton8b@shareasale.com,Bigender,12.85.225.89,Motion Graphics,67
301,Meris,Soden,msoden8c@typepad.com,Polygender,68.76.114.225,Brain Gym,65
302,Sharity,Mangenet,smangenet8d@weather.com,Non-binary,233.102.105.38,Cluster,69
303,Adams,Foale,afoale8e@scribd.com,Bigender,18.220.187.112,PVR,62
304,Carrissa,Dewett,cdewett8f@google.com,Female,233.82.216.200,Fashion Illustration,74
305,Orsola,Leftwich,oleftwich8g@virginia.edu,Genderqueer,173.21.168.20,User Experience Design,78
306,Roderic,Baseley,rbaseley8h@last.fm,Genderqueer,192.207.133.237,CQ,73
307,Tillie,Chatterton,tchatterton8i@wsj.com,Agender,14.17.132.6,Ksh,74
308,Sande,Dreinan,sdreinan8j@cdc.gov,Genderfluid,126.37.93.145,Lyric Soprano,66
309,Corliss,Fripp,cfripp8k@plala.or.jp,Agender,101.65.162.10,XSL,75
310,Siana,Duesbury,sduesbury8l@example.com,Polygender,206.53.69.170,Tiles,73
311,Moishe,Boltwood,mboltwood8m@indiatimes.com,Genderfluid,233.97.109.204,IEEE standards,77
312,Darnell,Harmes,dharmes8n@columbia.edu,Bigender,163.225.120.143,HUMINT,74
313,Christi,Korlat,ckorlat8o@google.pl,Genderqueer,186.101.35.239,Document Imaging,71
314,Julie,Houldcroft,jhouldcroft8p@freewebs.com,Genderqueer,119.77.23.22,BS25999,71
315,Nobie,Orrill,norrill8q@bigcartel.com,Agender,44.226.98.85,New Hire Orientations,69
316,Tersina,Verlinden,tverlinden8r@adobe.com,Female,47.168.41.146,LMDS,77
317,Norbert,Cringle,ncringle8s@sciencedaily.com,Female,199.201.24.8,Supply Management,80
318,Dinah,Bergstrand,dbergstrand8t@yahoo.co.jp,Non-binary,69.205.201.221,IDX,65
319,Ethyl,Glassman,eglassman8u@csmonitor.com,Non-binary,184.206.170.226,Corporate FP&amp;A,73
320,Culver,Mattocks,cmattocks8v@comcast.net,Agender,19.51.206.249,Linux,75
321,Frazer,O'Hickey,fohickey8w@google.de,Genderqueer,172.94.73.102,Oxidative Stress,70
322,Kalvin,Rigeby,krigeby8x@nifty.com,Genderfluid,162.34.62.236,MVNE,69
323,Fran,Macoun,fmacoun8y@ycombinator.com,Bigender,3.220.238.159,Kronos WFC,74
324,Burt,Pallent,bpallent8z@google.com.au,Bigender,49.185.138.209,Gyrotonic,80
325,Bernie,Downham,bdownham90@stumbleupon.com,Female,136.222.140.33,Multimedia,70
326,Chariot,Skipp,cskipp91@google.ru,Polygender,242.242.42.249,PDMLink,75
327,Ruby,Buckland,rbuckland92@shop-pro.jp,Female,150.90.64.143,Game Development,71
328,Dilly,Josuweit,djosuweit93@imgur.com,Agender,6.29.43.41,Asset Protection,73
329,Florella,Sanches,fsanches94@paginegialle.it,Bigender,74.220.75.164,UTRAN,66
330,Shirlene,Saphir,ssaphir95@amazon.co.jp,Genderqueer,86.78.113.232,Visual Identity,70
331,Troy,Eggleson,teggleson96@ezinearticles.com,Bigender,2.221.144.142,RDFS,74
332,Galvin,Kareman,gkareman97@nbcnews.com,Non-binary,155.43.109.95,Western Blotting,78
333,Rex,Lille,rlille98@nytimes.com,Genderqueer,167.226.97.47,SAP Implementation,63
334,Katlin,Tompkin,ktompkin99@time.com,Male,34.25.8.226,CTIOS,69
335,Berni,Ties,bties9a@wiley.com,Bigender,209.151.110.218,IT Project &amp; Program Management,71
336,Vivyanne,Senussi,vsenussi9b@yandex.ru,Genderqueer,34.187.38.165,Microsoft Excel,69
337,Lanni,Gidden,lgidden9c@mayoclinic.com,Non-binary,171.47.177.183,Key Account Management,60
338,Hannis,Stare,hstare9d@w3.org,Genderqueer,94.248.117.70,Legal Documents,68
339,Shaina,Tamburi,stamburi9e@symantec.com,Non-binary,143.94.27.123,Estate Administration,68
340,Edie,Collison,ecollison9f@economist.com,Female,129.103.67.125,Yamaha PM5D,71
341,Carmen,Spata,cspata9g@ocn.ne.jp,Polygender,143.202.221.205,Mythology,71
342,Kale,Billiard,kbilliard9h@flickr.com,Genderfluid,85.216.151.198,DNA microarray,69
343,Ray,Ambroix,rambroix9i@wordpress.org,Male,148.105.115.242,Education,61
344,Zsazsa,Caffin,zcaffin9j@macromedia.com,Female,119.74.0.217,Design for Manufacturing,65
345,Chelsea,Kilbey,ckilbey9k@pbs.org,Female,181.47.83.103,NCAA Compliance,71
346,Jeramey,Llop,jllop9l@skype.com,Genderfluid,193.27.232.150,NI LabVIEW,70
347,Marilyn,Briddle,mbriddle9m@squidoo.com,Non-binary,34.176.20.209,Military Justice,63
348,Idell,Bozier,ibozier9n@cargocollective.com,Genderfluid,58.81.158.129,UIKit,71
349,Aarika,Goodsell,agoodsell9o@wikimedia.org,Male,10.126.111.228,VTR,62
350,Aron,Mattosoff,amattosoff9p@photobucket.com,Polygender,210.206.251.190,UltraTax CS,72
351,Beniamino,Hummerston,bhummerston9q@wiley.com,Female,241.194.34.163,Forecasting,64
352,Tucker,Pearsey,tpearsey9r@statcounter.com,Female,222.200.25.200,Spectroscopy,68
353,Riobard,Tomson,rtomson9s@live.com,Female,106.152.10.93,Embedded Linux,64
354,Kenton,Aries,karies9t@prnewswire.com,Genderfluid,196.182.235.177,Physicians,73
355,Leodora,Urquhart,lurquhart9u@latimes.com,Genderqueer,21.219.200.64,VMware Workstation,67
356,Sigrid,Berceros,sberceros9v@cbslocal.com,Polygender,41.157.144.142,IEX Total View,83
357,Kimberlee,Spinozzi,kspinozzi9w@themeforest.net,Polygender,6.85.228.73,Fiction Writing,72
358,Nettie,Gilluley,ngilluley9x@github.io,Agender,167.105.224.8,Abstracting,64
359,Ignaz,Riseam,iriseam9y@wisc.edu,Bigender,193.203.7.137,JDA,74
360,Gabriella,Manchester,gmanchester9z@ovh.net,Genderfluid,65.65.80.184,Waste Management,65
361,Kimmie,Brenston,kbrenstona0@microsoft.com,Male,3.81.165.13,Navigation,67
362,Sal,Sellan,ssellana1@deliciousdays.com,Agender,1.103.188.43,Siding,76
363,Ulises,Tesimon,utesimona2@angelfire.com,Genderqueer,5.248.222.99,GSM-R,65
364,Jared,Leggon,jleggona3@indiegogo.com,Male,190.124.18.189,Mineral Exploration,67
365,Angelina,Chisman,achismana4@nifty.com,Polygender,47.4.31.182,Epoxy,76
366,Shelbi,Gulston,sgulstona5@shareasale.com,Female,166.55.248.130,CTR,66
367,Lacie,Austin,laustina6@vk.com,Genderqueer,93.193.76.192,NFS,70
368,Arabel,Imlock,aimlocka7@sun.com,Male,197.111.162.229,Twill,71
369,Frederigo,Bloxham,fbloxhama8@simplemachines.org,Agender,183.119.228.214,Real Estate,72
370,Bettine,Dunsire,bdunsirea9@thetimes.co.uk,Female,79.73.78.164,SRDS,71
371,Zelda,Reboul,zreboulaa@rediff.com,Agender,96.171.34.59,MMA,73
372,Tiffie,Fontell,tfontellab@mail.ru,Genderqueer,4.214.236.255,Resume Writing,66
373,Idaline,Maskelyne,imaskelyneac@mapy.cz,Female,82.9.53.58,LPN,65
374,Roby,Noury,rnouryad@godaddy.com,Male,138.101.89.34,Tax Advisory,64
375,Benetta,Manthorpe,bmanthorpeae@java.com,Agender,184.42.244.145,cGLP,78
376,Tamra,Ormond,tormondaf@histats.com,Bigender,147.35.44.229,XSL-FO,68
377,Dahlia,Keme,dkemeag@accuweather.com,Genderqueer,205.41.64.185,Key Performance Indicators,76
378,Lenci,Mitton,lmittonah@umich.edu,Female,104.54.9.238,MDF,70
379,Fernando,Koppen,fkoppenai@bloomberg.com,Non-binary,51.47.242.6,Kung Fu,78
380,Yanaton,Bleaden,ybleadenaj@unicef.org,Male,54.70.249.250,Blood Typing,68
381,Otis,Farden,ofardenak@answers.com,Female,159.59.22.191,JUnit,73
382,Miltie,Draper,mdraperal@ifeng.com,Female,53.72.101.82,Spanish,70
383,Glynis,Heath,gheatham@wired.com,Genderfluid,153.240.40.79,HDI,70
384,Nikola,Surcombe,nsurcombean@comcast.net,Female,44.149.67.50,Operations Management,60
385,Elisha,Thieme,ethiemeao@dot.gov,Female,25.149.186.55,Claim,67
386,Mikey,Bridel,mbridelap@dell.com,Genderfluid,77.112.167.177,InfoComm CTS,65
387,Roshelle,O'Sheeryne,rosheeryneaq@craigslist.org,Polygender,110.176.133.108,Web Services,71
388,Elka,Botright,ebotrightar@diigo.com,Female,191.225.243.172,BPT,61
389,Annissa,Jefferd,ajefferdas@chronoengine.com,Polygender,3.43.119.16,WLI,71
390,Britte,Sparway,bsparwayat@is.gd,Bigender,50.216.143.85,BPH,68
391,Walton,Ansty,wanstyau@51.la,Polygender,98.170.113.85,Pygame,74
392,Shelton,Deshon,sdeshonav@1und1.de,Genderqueer,104.211.39.56,PDM,70
393,Alice,Christon,achristonaw@friendfeed.com,Non-binary,165.171.182.147,MCSA,80
394,Sherwood,Gier,sgierax@earthlink.net,Agender,132.223.217.200,OTDR,77
395,Joshuah,Greenley,jgreenleyay@arstechnica.com,Agender,15.72.201.177,Xinet,65
396,Cosette,Grigolli,cgrigolliaz@mediafire.com,Agender,129.153.249.116,Jive,69
397,Adrian,Mattusov,amattusovb0@wunderground.com,Bigender,42.194.28.116,Graphics,68
398,Alexis,Welfair,awelfairb1@engadget.com,Polygender,98.72.34.69,Rooms Division,78
399,Marge,Dumbleton,mdumbletonb2@nationalgeographic.com,Female,157.44.235.40,Skin,71
400,Justen,Chidzoy,jchidzoyb3@infoseek.co.jp,Genderqueer,18.189.202.180,PPBES,75
401,Brittne,Dumingos,bdumingosb4@economist.com,Non-binary,190.4.94.101,LSF,65
402,Micheil,Corneljes,mcorneljesb5@blinklist.com,Agender,111.67.142.212,jQuery,69
403,Michele,Martugin,mmartuginb6@imgur.com,Non-binary,36.55.162.206,Visual Arts,70
404,Claude,O'Shaughnessy,coshaughnessyb7@goodreads.com,Polygender,48.124.95.3,Student Financial Aid,67
405,Nichole,Waddell,nwaddellb8@howstuffworks.com,Genderfluid,84.58.50.183,Artistic Eye,79
406,Thaddus,Ivic,tivicb9@ask.com,Agender,3.30.171.252,Security Audits,75
407,Allx,O'Haire,aohaireba@businessinsider.com,Genderqueer,237.73.238.122,NGS,67
408,Silvana,Foreman,sforemanbb@state.tx.us,Genderqueer,202.90.223.217,JProbe,67
409,Walton,Dissman,wdissmanbc@nih.gov,Male,123.85.255.135,Microsoft Dynamics GP,72
410,Derrik,Wikey,dwikeybd@sun.com,Bigender,147.78.49.24,Medical Writing,66
411,Abel,Blankman,ablankmanbe@slashdot.org,Bigender,76.215.236.247,RFID+,74
412,Salaidh,Brogini,sbroginibf@miitbeian.gov.cn,Genderfluid,120.103.169.97,Myofascial,60
413,Rorke,Wasmer,rwasmerbg@examiner.com,Male,27.35.5.212,HR Consulting,65
414,Britni,Deppen,bdeppenbh@meetup.com,Female,74.122.214.190,LTSpice,74
415,Trix,Newling,tnewlingbi@flickr.com,Genderqueer,76.68.111.58,Ext JS,66
416,Karee,Baskerfield,kbaskerfieldbj@hud.gov,Agender,241.254.58.141,MBE,68
417,Krystalle,Hearson,khearsonbk@clickbank.net,Genderqueer,244.219.230.243,QML,76
418,Joelie,Porson,jporsonbl@behance.net,Female,236.93.203.43,iReport,56
419,Nicolai,Haysman,nhaysmanbm@google.fr,Female,7.142.24.112,Gospel,71
420,Yoshi,Ingman,yingmanbn@google.ca,Female,243.128.171.250,Aerodynamics,70
421,Saunderson,Swepson,sswepsonbo@google.com.au,Genderqueer,23.55.134.32,Fedora,67
422,Mandie,Closs,mclossbp@comsenz.com,Bigender,56.239.152.199,GS1,68
423,Myrtice,Parfitt,mparfittbq@cmu.edu,Agender,158.246.206.26,Behavioral Health,69
424,Yolanthe,Mariotte,ymariottebr@bloomberg.com,Male,228.65.11.162,QINSy,69
425,Devland,Fosserd,dfosserdbs@ft.com,Polygender,70.140.225.245,TV Production,69
426,Niel,Fontelles,nfontellesbt@earthlink.net,Male,31.191.52.88,CMake,71
427,Bernice,Brecher,bbrecherbu@csmonitor.com,Female,240.93.12.60,VRTX,70
428,Javier,Killiam,jkilliambv@state.tx.us,Genderfluid,25.22.212.42,Yamaha PM5D,74
429,Carin,Overstall,coverstallbw@time.com,Agender,253.96.156.5,QlikView,62
430,Babara,Glendzer,bglendzerbx@businessweek.com,Female,10.111.209.108,CGEIT,62
431,Edwin,Shurmer,eshurmerby@cdc.gov,Male,210.50.15.233,Django,72
432,Tildy,Slimm,tslimmbz@altervista.org,Non-binary,54.245.240.144,MMSC,75
433,Shea,Nail,snailc0@purevolume.com,Bigender,2.124.167.225,JTAPI,66
434,Jodie,Dyet,jdyetc1@dmoz.org,Polygender,147.206.123.37,Durable Goods,63
435,Merna,Paulet,mpauletc2@techcrunch.com,Female,173.73.130.232,iFix,69
436,Regan,Scottini,rscottinic3@comsenz.com,Agender,105.27.59.76,Bloomberg Terminal,77
437,Kenneth,Heinemann,kheinemannc4@mapquest.com,Agender,134.14.153.220,WDM,79
438,Haily,Turban,hturbanc5@mac.com,Non-binary,144.88.59.138,CBRN,64
439,Frederick,Western,fwesternc6@sohu.com,Agender,247.220.233.253,PTF,70
440,Lenna,Thoms,lthomsc7@timesonline.co.uk,Non-binary,14.216.78.144,PC Anywhere,70
441,Booth,Bricknell,bbricknellc8@i2i.jp,Bigender,174.96.30.253,Characterization,72
442,Aubine,Rotte,arottec9@acquirethisname.com,Female,183.180.0.166,LPIC,70
443,Cart,Riseborough,criseboroughca@un.org,Non-binary,200.34.141.125,Science,71
444,Marissa,Whitwood,mwhitwoodcb@stumbleupon.com,Non-binary,84.207.5.81,Metal Fabrication,76
445,Dorette,Zute,dzutecc@mozilla.com,Male,24.173.138.139,Dhcpd,66
446,Sibyl,Fall,sfallcd@phpbb.com,Polygender,86.219.90.111,Gym,72
447,Berty,Powderham,bpowderhamce@tuttocitta.it,Female,194.103.126.218,MCDBA,62
448,Jacqui,Dmiterko,jdmiterkocf@ifeng.com,Polygender,169.98.153.12,UB92,61
449,Georgianne,Rann,granncg@indiatimes.com,Non-binary,23.102.186.226,UCS,64
450,Terrance,Gatheridge,tgatheridgech@imdb.com,Genderqueer,58.72.86.51,Board Certified,79
451,Berkie,Urlin,burlinci@wunderground.com,Male,184.10.158.38,HttpUnit,67
452,Stormie,Veeler,sveelercj@discovery.com,Polygender,11.178.159.61,Kyphoplasty,62
453,Laughton,Kelledy,lkelledyck@studiopress.com,Bigender,106.100.26.175,DVI,68
454,Darsey,Hazlegrove,dhazlegrovecl@privacy.gov.au,Bigender,11.140.33.31,Kundalini Yoga,68
455,Kendall,Beake,kbeakecm@army.mil,Agender,69.48.158.240,Spanish,67
456,Rosalia,Worshall,rworshallcn@redcross.org,Polygender,29.184.229.84,sFlow,72
457,Hetti,Altamirano,haltamiranoco@engadget.com,Male,169.42.124.243,Kaizen Blitz,70
458,Camilla,Nicholls,cnichollscp@tuttocitta.it,Genderqueer,35.131.179.38,XStream,66
459,Rene,Biddle,rbiddlecq@theglobeandmail.com,Genderfluid,42.114.30.166,Nitrous Oxide,71
460,Cathrine,Beatens,cbeatenscr@nytimes.com,Male,0.56.129.51,Bloomberg,76
461,Evania,Hounsom,ehounsomcs@telegraph.co.uk,Non-binary,87.120.198.118,Glaucoma,80
462,Ryley,Poles,rpolesct@ezinearticles.com,Genderfluid,44.154.187.145,DC Circuits,70
463,Rafaela,Rankine,rrankinecu@va.gov,Agender,191.239.78.225,MYOB,69
464,Lexine,Tandy,ltandycv@harvard.edu,Genderfluid,49.112.168.156,Lifestyle,76
465,Paulie,Worshall,pworshallcw@paginegialle.it,Male,60.147.74.169,Piloting,67
466,Abby,Kupis,akupiscx@angelfire.com,Genderqueer,72.75.198.87,MTBF,68
467,Allayne,Currall,acurrallcy@nytimes.com,Female,194.149.9.7,RUP Methodologies,64
468,Patrica,Shanklin,pshanklincz@blogtalkradio.com,Bigender,52.44.122.252,vCloud,79
469,Jasmin,McMenamy,jmcmenamyd0@printfriendly.com,Bigender,0.227.220.240,EKG,78
470,Ronny,Essery,resseryd1@nature.com,Male,103.216.30.160,Personal Training,76
471,Benoite,Silkstone,bsilkstoned2@skyrock.com,Bigender,93.27.76.223,VSOE,69
472,Sauveur,Cleverley,scleverleyd3@home.pl,Non-binary,70.84.73.40,Volleyball,67
473,Donni,Tessington,dtessingtond4@meetup.com,Genderfluid,223.123.115.180,Photography,64
474,Brantley,Oxe,boxed5@miibeian.gov.cn,Female,237.223.47.73,PVD,65
475,Lyndy,Lowerson,llowersond6@ihg.com,Genderfluid,150.209.4.58,Myofascial,70
476,Vicky,Posnett,vposnettd7@yellowbook.com,Non-binary,94.33.95.187,ICD-9-CM,74
477,Devinne,Jindracek,djindracekd8@blogspot.com,Male,23.193.204.40,PBIS,67
478,Tedmund,Netting,tnettingd9@lycos.com,Female,248.87.132.66,Credit Unions,71
479,Valene,McCarl,vmccarlda@fda.gov,Agender,29.202.248.186,ODIN,67
480,Orlando,Hand,ohanddb@acquirethisname.com,Genderfluid,179.244.7.160,Nanomaterials,72
481,Marjy,Small,msmalldc@sfgate.com,Female,5.43.88.237,SGML,72
482,Iorgos,Stainson,istainsondd@dailymotion.com,Agender,168.65.208.93,PMM,74
483,Herve,Markl,hmarklde@xing.com,Bigender,130.110.45.192,FEM analysis,79
484,Simmonds,Kuzemka,skuzemkadf@psu.edu,Non-binary,204.42.77.28,Lyrical,68
485,Padget,Christall,pchristalldg@cdc.gov,Genderqueer,80.54.141.203,Flooring,79
486,Ingar,Munton,imuntondh@opensource.org,Polygender,48.141.38.17,Organic Chemistry,68
487,Georgia,Keniwell,gkeniwelldi@sphinn.com,Bigender,220.59.181.75,Outcomes Research,73
488,Flinn,Hankins,fhankinsdj@ustream.tv,Genderfluid,160.29.71.42,UNIX Utilities,80
489,Cad,Borsay,cborsaydk@people.com.cn,Non-binary,41.109.195.7,SSADM,67
490,Ludwig,Croster,lcrosterdl@ebay.com,Polygender,66.130.36.121,HP Procurve Networking,73
491,Matias,Flowerden,mflowerdendm@independent.co.uk,Genderfluid,5.205.125.219,Cross-functional Coordination,72
492,Kylen,Downing,kdowningdn@who.int,Polygender,188.35.104.81,Keyboardist,69
493,Remington,Edwins,redwinsdo@census.gov,Agender,71.103.36.142,Web Content,64
494,Brynna,Slesser,bslesserdp@hud.gov,Female,65.239.68.129,FpML,74
495,Reyna,Weadick,rweadickdq@webmd.com,Female,54.254.136.112,NCDA,71
496,Saloma,Summerlee,ssummerleedr@miibeian.gov.cn,Genderfluid,120.146.229.238,Pensions,69
497,Bonni,Wathall,bwathallds@shop-pro.jp,Genderqueer,211.51.240.201,PET-CT,69
498,Zuzana,MacElroy,zmacelroydt@zimbio.com,Non-binary,154.141.65.159,FDA,67
499,Pat,Haville,phavilledu@forbes.com,Male,66.108.32.212,Social Skills,68
500,Any,Penhearow,apenhearowdv@webmd.com,Agender,221.144.65.145,Credit Analysis,74
501,Reagen,Tigwell,rtigwelldw@theguardian.com,Female,43.60.231.77,Organizational Leadership,71
502,Stephenie,Pethybridge,spethybridgedx@reference.com,Genderfluid,123.226.175.233,International Tax,69
503,Filippa,Dumphrey,fdumphreydy@quantcast.com,Agender,246.116.139.50,SAP MM Module,64
504,Boigie,Grubbe,bgrubbedz@hugedomains.com,Non-binary,132.160.195.18,GMF,74
505,Virgie,Maddie,vmaddiee0@amazon.co.jp,Female,100.145.98.97,Oil Painting,68
506,Flynn,Connechy,fconnechye1@meetup.com,Bigender,49.7.159.211,LTV,65
507,Ross,Bullingham,rbullinghame2@123-reg.co.uk,Agender,17.54.24.131,Homeland Security,66
508,Cosette,Bauchop,cbauchope3@artisteer.com,Agender,19.69.112.83,Emerging Markets,77
509,Tann,Amoore,tamooree4@twitpic.com,Genderqueer,250.46.152.114,JavaBeans,75
510,Bethany,Cliffe,bcliffee5@nsw.gov.au,Agender,190.241.248.180,TSS,66
511,Patrizio,Raye,prayee6@independent.co.uk,Genderfluid,200.203.139.54,Singing,65
512,Di,Verdon,dverdone7@latimes.com,Bigender,4.35.163.151,GWAPT,68
513,Sybilla,Danielot,sdanielote8@prnewswire.com,Polygender,247.198.215.183,Cultural Awareness,73
514,Jaimie,Gwyn,jgwyne9@biblegateway.com,Female,21.169.218.235,Cisco VPN,75
515,Morgana,Peery,mpeeryea@livejournal.com,Genderqueer,216.183.208.234,Karate,71
516,Giorgia,Atlay,gatlayeb@forbes.com,Polygender,55.144.190.27,Smartforms,72
517,Elicia,Lorie,elorieec@prlog.org,Female,29.216.157.78,IVD,70
518,Corenda,Bigland,cbiglanded@github.com,Female,20.102.73.22,MS VC++,75
519,Adella,Hickin,ahickinee@nationalgeographic.com,Bigender,166.6.169.104,Athletic Performance,68
520,Gabriellia,Balfre,gbalfreef@dropbox.com,Genderqueer,21.180.182.158,Receptionist Duties,72
521,Eryn,Birrel,ebirreleg@mapquest.com,Genderqueer,234.251.30.51,Healthcare Industry,73
522,Worden,Frazer,wfrazereh@de.vu,Genderqueer,240.139.165.147,IBM Utilities,71
523,Caren,Easdon,ceasdonei@cargocollective.com,Polygender,172.141.185.167,Keratin Treatment,65
524,Pauletta,Bambridge,pbambridgeej@sun.com,Non-binary,154.239.44.134,Pdf,70
525,Clevie,Vagg,cvaggek@nymag.com,Male,234.161.123.196,Wound Care,68
526,Frederique,Caiger,fcaigerel@whitehouse.gov,Genderfluid,5.172.85.110,IP PBX,72
527,Caitlin,Gask,cgaskem@newsvine.com,Male,60.9.88.43,GTD,67
528,Rodd,Abba,rabbaen@parallels.com,Polygender,37.85.77.68,NVU,76
529,Jordanna,Daltrey,jdaltreyeo@zimbio.com,Bigender,116.255.217.107,Dublin Core,63
530,Yorke,Yapp,yyappep@nba.com,Agender,41.20.75.55,Directing Others,67
531,Inez,Ivic,iiviceq@hc360.com,Polygender,244.238.187.118,Qmail,72
532,Meade,Jillions,mjillionser@ihg.com,Non-binary,175.49.234.104,CPT,77
533,Sorcha,Braiden,sbraidenes@admin.ch,Bigender,49.172.165.125,NTFS,64
534,Douglas,Flowith,dflowithet@reddit.com,Polygender,16.233.17.152,Listings,66
535,Huntley,Franklen,hfrankleneu@columbia.edu,Male,219.17.22.53,eEmpact,66
536,Casandra,Estcot,cestcotev@dyndns.org,Female,128.65.136.118,Title Insurance,77
537,Cobbie,Dubbin,cdubbinew@washingtonpost.com,Male,203.197.2.169,SIP Trunking,66
538,Twyla,Pitman,tpitmanex@dedecms.com,Genderfluid,107.205.101.149,DMF,71
539,Hermon,Philippson,hphilippsoney@google.nl,Bigender,248.172.220.162,VTC,67
540,Xymenes,Houltham,xhoulthamez@tuttocitta.it,Polygender,174.221.209.89,Knowledge Engineering,78
541,Pamela,Gotter,pgotterf0@indiatimes.com,Agender,133.234.62.166,XMPie,72
542,Karola,Saltsberger,ksaltsbergerf1@blinklist.com,Genderqueer,117.237.188.34,Jerseys,73
543,Alena,Deekes,adeekesf2@1688.com,Polygender,239.122.226.226,Lunch,68
544,Vernon,Drysdell,vdrysdellf3@shinystat.com,Genderfluid,51.144.112.39,Job Scheduling,77
545,Daryl,Quilliam,dquilliamf4@ucoz.ru,Genderfluid,41.35.105.68,Tortoise SVN,71
546,Yolane,Paddy,ypaddyf5@nhs.uk,Bigender,108.28.251.160,Microsoft DNS,73
547,Simonne,Yukhnin,syukhninf6@nationalgeographic.com,Genderqueer,104.178.216.243,HTML Help Workshop,67
548,Kelbee,Carlos,kcarlosf7@people.com.cn,Polygender,119.77.201.197,Military Affairs,64
549,Ephrem,Championnet,echampionnetf8@about.me,Genderfluid,153.224.159.153,RFI,73
550,Eward,Maciejak,emaciejakf9@samsung.com,Non-binary,80.183.248.154,ODI,76
551,Loralie,Truelock,ltruelockfa@ow.ly,Non-binary,162.191.117.163,MRI,76
552,Elna,Sacchetti,esacchettifb@virginia.edu,Genderqueer,157.243.95.162,VMware Player,66
553,Ellynn,Moysey,emoyseyfc@mozilla.org,Polygender,76.14.145.78,Pharmaceutical Sales,72
554,Fergus,Fishenden,ffishendenfd@g.co,Female,100.24.236.197,Ghost Imaging,64
555,Tades,Gardener,tgardenerfe@wordpress.com,Male,22.96.60.98,JDA,66
556,Keen,Lithgow,klithgowff@amazon.co.jp,Male,86.78.200.32,SSOP,80
557,Melitta,Swansbury,mswansburyfg@huffingtonpost.com,Non-binary,147.119.31.1,Screening,76
558,Annelise,Whaley,awhaleyfh@ed.gov,Male,80.41.228.173,Documentaries,71
559,Janice,Ghirigori,jghirigorifi@opensource.org,Polygender,102.13.70.106,UMA,64
560,Sibella,Matthensen,smatthensenfj@npr.org,Polygender,8.38.134.138,Alzheimer&#39;s Disease,70
561,Ashlan,Viggers,aviggersfk@tripadvisor.com,Genderqueer,60.235.37.210,Humanitarian,81
562,Walker,McGlade,wmcgladefl@bbb.org,Male,100.72.157.86,Flights,70
563,Larine,Dunbar,ldunbarfm@dailymail.co.uk,Polygender,36.205.94.33,Microsoft DNS,66
564,Deidre,Garrals,dgarralsfn@gravatar.com,Male,53.180.230.28,CWTS,68
565,Angel,MacCardle,amaccardlefo@google.com.au,Polygender,55.90.110.251,XML Programming,72
566,Bibby,Tivers,btiversfp@infoseek.co.jp,Male,52.99.178.11,Hudson,71
567,Leena,Patriche,lpatrichefq@shop-pro.jp,Genderfluid,103.1.51.198,RCMS,68
568,Derry,Mostyn,dmostynfr@aol.com,Non-binary,34.227.249.112,BST,71
569,Zachery,Domm,zdommfs@hud.gov,Polygender,245.78.244.22,SRT,67
570,Cordie,Heiden,cheidenft@ocn.ne.jp,Bigender,250.26.2.228,Alternative Energy,76
571,Matilda,Eble,meblefu@indiegogo.com,Genderqueer,158.139.168.43,Substance Abuse Prevention,62
572,Say,Worvill,sworvillfv@livejournal.com,Agender,113.40.251.64,Avid Xpress,68
573,Rance,Waggatt,rwaggattfw@dion.ne.jp,Female,4.183.152.47,SMT,77
574,Swen,Roze,srozefx@mayoclinic.com,Bigender,211.150.247.50,OSI Model,77
575,Gradey,Capelin,gcapelinfy@imdb.com,Non-binary,144.172.231.86,RPM,83
576,Maggie,Boardman,mboardmanfz@uol.com.br,Bigender,228.63.9.186,Renewable Energy,64
577,Allyn,Delhanty,adelhantyg0@de.vu,Male,118.158.109.35,HAZOP Study,69
578,Corty,Purser,cpurserg1@homestead.com,Agender,79.54.99.186,Child Development,73
579,Stavro,Wiggin,swigging2@shareasale.com,Agender,240.236.5.118,CFIA,69
580,Gretel,Koppes,gkoppesg3@goo.ne.jp,Agender,115.77.230.242,Legal Advice,68
581,Zorana,Shaw,zshawg4@umich.edu,Bigender,78.252.21.119,Pylons,81
582,Sayer,Guillem,sguillemg5@businessinsider.com,Polygender,47.174.222.233,Constructive Feedback,69
583,Pavlov,Cubbini,pcubbinig6@symantec.com,Genderfluid,55.90.147.165,MPower,66
584,Orv,Smeall,osmeallg7@about.me,Genderqueer,242.114.47.160,AAUS Scientific Diver,58
585,Marian,MacMoyer,mmacmoyerg8@angelfire.com,Agender,83.156.49.161,BSC,68
586,Lawry,Robez,lrobezg9@dailymail.co.uk,Bigender,58.209.251.86,PPC Bid Management,78
587,Shannah,Gittins,sgittinsga@scribd.com,Male,60.53.187.168,Differentiated Instruction,73
588,Richy,Tomasutti,rtomasuttigb@umich.edu,Bigender,87.230.132.225,EBSD,69
589,Christy,Barensen,cbarensengc@whitehouse.gov,Agender,19.235.167.65,ODM management,69
590,Zorah,McGuane,zmcguanegd@globo.com,Genderqueer,27.60.171.112,Oil &amp; Gas Exploration,65
591,Shaylynn,Sudran,ssudrange@statcounter.com,Female,83.203.130.188,PFS,69
592,Arvin,Mathey,amatheygf@nature.com,Agender,34.29.3.50,OWASP,64
593,Reinald,Duchesne,rduchesnegg@i2i.jp,Bigender,210.89.200.137,GCF,72
594,Caroline,Parrin,cparringh@salon.com,Bigender,227.158.87.84,Full SDLC,71
595,Kaylil,Strewther,kstrewthergi@squarespace.com,Polygender,19.33.136.27,Medical Imaging,68
596,Jodie,Arnaldi,jarnaldigj@marketwatch.com,Female,92.34.164.58,Dairy,65
597,Wendell,Hammerson,whammersongk@google.de,Agender,149.129.187.42,Nintex,61
598,Quincy,Toombs,qtoombsgl@businessinsider.com,Bigender,251.60.208.237,Live Events,77
599,Ferdinand,Scrogges,fscroggesgm@jimdo.com,Non-binary,221.202.185.188,Government,71
600,Hali,Bousquet,hbousquetgn@shareasale.com,Polygender,9.97.253.13,Product Knowledge,70
601,Hannah,Fury,hfurygo@archive.org,Genderfluid,93.48.150.87,Otoplasty,72
602,Bendite,Shoesmith,bshoesmithgp@geocities.jp,Agender,8.93.236.184,WCAG,72
603,Devy,Blazej,dblazejgq@google.nl,Genderfluid,55.137.91.26,Iron Ore,63
604,Hallsy,Verty,hvertygr@soundcloud.com,Bigender,217.55.84.156,Production Planning,72
605,Cecilla,Malatalant,cmalatalantgs@wisc.edu,Genderqueer,160.81.191.7,Young People,73
606,Gottfried,Stainburn,gstainburngt@narod.ru,Genderqueer,10.51.71.144,CGEIT,65
607,Sylvan,Husband,shusbandgu@geocities.jp,Agender,177.94.73.167,Zimbra,74
608,Kamila,Sherred,ksherredgv@is.gd,Genderqueer,229.196.111.201,Agents,69
609,Alanna,Daws,adawsgw@miitbeian.gov.cn,Genderqueer,95.84.183.97,AMBA AHB,70
610,Brocky,Ceschini,bceschinigx@guardian.co.uk,Agender,217.219.2.207,Functional Specifications,78
611,Lura,Mineghelli,lmineghelligy@jimdo.com,Genderqueer,208.243.32.63,Kayak,65
612,Sanders,Benfell,sbenfellgz@guardian.co.uk,Agender,75.172.149.254,VRTX,74
613,Michell,Chittleburgh,mchittleburghh0@buzzfeed.com,Agender,34.88.238.120,Zumba,64
614,August,Niess,aniessh1@prweb.com,Genderqueer,130.176.121.167,FMA,75
615,Edward,Reedyhough,ereedyhoughh2@omniture.com,Agender,90.104.9.46,Commercial Kitchen Design,64
616,Gerik,Gashion,ggashionh3@vistaprint.com,Male,185.91.254.104,PPO,72
617,Nick,Sandes,nsandesh4@amazonaws.com,Agender,64.72.220.27,Jenark,60
618,Beverly,Rumble,brumbleh5@shareasale.com,Agender,166.24.153.42,IBM iSeries,72
619,Norene,Curtiss,ncurtissh6@nytimes.com,Genderfluid,136.164.119.162,WLM,80
620,Frank,Normant,fnormanth7@hatena.ne.jp,Bigender,48.191.234.233,GUI development,69
621,Giffy,McNeachtain,gmcneachtainh8@moonfruit.com,Bigender,45.92.182.120,CMMI Level 5,67
622,Evelyn,Dikelin,edikelinh9@ca.gov,Genderfluid,165.200.78.95,Menu Development,69
623,Johannah,Godwyn,jgodwynha@pbs.org,Genderqueer,7.211.160.226,Vocal,69
624,Ammamaria,Pickles,apickleshb@weebly.com,Female,139.52.2.19,Corporate Finance,68
625,Ermengarde,Reace,ereacehc@microsoft.com,Genderqueer,37.83.211.45,PFEP,77
626,Angus,Greenrodd,agreenroddhd@bbb.org,Genderqueer,184.80.136.222,QIP,72
627,Karin,Ensley,kensleyhe@cyberchimps.com,Polygender,129.157.201.196,Food Quality,78
628,Dorena,Scinelli,dscinellihf@quantcast.com,Genderqueer,121.14.94.96,Underground Mining,66
629,Tiertza,Lerway,tlerwayhg@comcast.net,Bigender,18.247.111.29,YUM,67
630,Manda,Vlasenko,mvlasenkohh@forbes.com,Agender,9.150.136.142,SVM,69
631,Brandy,Dewdney,bdewdneyhi@blinklist.com,Non-binary,145.201.197.169,Snooker,71
632,Pat,Hazelby,phazelbyhj@is.gd,Bigender,148.251.111.131,MVT,79
633,Kristine,Blaxlande,kblaxlandehk@geocities.jp,Male,158.149.231.21,VDSL2,72
634,Patrizius,Guildford,pguildfordhl@about.com,Agender,85.159.123.56,Data Management,71
635,Martynne,Chetter,mchetterhm@wsj.com,Bigender,71.8.121.243,Kurzweil,71
636,Lula,Purver,lpurverhn@joomla.org,Polygender,228.213.137.30,Ecological Restoration,65
637,Ashlen,Damsell,adamsellho@istockphoto.com,Female,8.42.17.197,European Integration,71
638,Michale,Ferrierio,mferrieriohp@miibeian.gov.cn,Polygender,8.221.248.234,BPMN,67
639,Stanford,Suttie,ssuttiehq@imdb.com,Agender,107.56.210.130,TTS,68
640,Natty,Cutford,ncutfordhr@bigcartel.com,Non-binary,156.79.195.232,CGI programming,74
641,Joli,Hallt,jhallths@shareasale.com,Polygender,151.97.98.129,Corporate Governance,68
642,Abrahan,Frosch,afroschht@huffingtonpost.com,Genderqueer,178.211.209.34,Yellow Book,69
643,Kassandra,Gerrad,kgerradhu@about.me,Genderqueer,42.104.14.11,Security Audits,70
644,Felisha,Filipowicz,ffilipowiczhv@mac.com,Genderqueer,166.136.50.98,Web TV,65
645,Clerkclaude,Beamont,cbeamonthw@google.it,Non-binary,146.108.36.182,Student Affairs,66
646,Marleah,Chritchlow,mchritchlowhx@sogou.com,Female,155.58.40.188,BSS,74
647,Liv,Coppledike,lcoppledikehy@wufoo.com,Bigender,12.165.113.12,McData,76
648,Brenda,Byrd,bbyrdhz@mysql.com,Non-binary,252.129.162.22,IT Law,66
649,Richart,Blanking,rblankingi0@netlog.com,Bigender,147.121.113.240,xCAT,70
650,Pierrette,Stonestreet,pstonestreeti1@topsy.com,Agender,90.210.222.146,Registered Patent Attorney,74
651,Latashia,Osbourne,losbournei2@google.fr,Non-binary,199.227.88.7,Online Reputation Management,73
652,Anderea,Statton,astattoni3@nytimes.com,Agender,100.158.124.149,NRSWA,67
653,Gisela,Duer,gdueri4@dmoz.org,Genderfluid,94.209.130.102,Simulink,75
654,Cash,Bury,cburyi5@foxnews.com,Genderqueer,253.254.71.43,MVNO,71
655,Karita,Johanchon,kjohanchoni6@aboutads.info,Agender,46.25.149.6,HDLC,74
656,Nils,Lusk,nluski7@pinterest.com,Bigender,210.246.140.120,Jiu-Jitsu,72
657,Katti,Ummfrey,kummfreyi8@google.fr,Bigender,162.145.128.121,Store Management,74
658,Casandra,Chapelhow,cchapelhowi9@china.com.cn,Male,121.242.168.23,MMA,79
659,Theodoric,Hillam,thillamia@lulu.com,Non-binary,1.145.92.222,Ektron,58
660,Anestassia,Pountain,apountainib@cocolog-nifty.com,Polygender,157.50.89.92,Personal Training,71
661,Klement,Yeo,kyeoic@creativecommons.org,Genderfluid,216.56.165.238,FHA,71
662,Audie,Chittenden,achittendenid@goodreads.com,Bigender,91.246.196.3,FMS,74
663,Dyanna,Timmons,dtimmonsie@ftc.gov,Genderqueer,103.189.14.204,WDS,68
664,Benji,Antoszewski,bantoszewskiif@gov.uk,Genderqueer,89.173.201.235,Distribution Center Operations,75
665,Glynis,Ketcher,gketcherig@barnesandnoble.com,Bigender,166.252.33.197,FF&amp;E Procurement,65
666,Malva,Citrine,mcitrineih@mapquest.com,Non-binary,135.45.204.216,Equity Derivatives,69
667,Alvie,Johanssen,ajohanssenii@ustream.tv,Non-binary,111.3.110.208,RDBMS,66
668,Ellyn,Barkas,ebarkasij@squidoo.com,Genderqueer,237.252.221.39,Short Films,73
669,Ferd,Whatmough,fwhatmoughik@usnews.com,Polygender,1.129.143.133,PMAs,68
670,Morley,Davidovic,mdavidovicil@reference.com,Male,89.80.105.252,Healthcare Consulting,60
671,Vikki,Scurman,vscurmanim@elegantthemes.com,Non-binary,1.176.38.193,Iyengar Yoga,71
672,Rahal,Brettle,rbrettlein@unesco.org,Female,122.229.95.103,Contact Centers,66
673,Grannie,Dumphy,gdumphyio@indiatimes.com,Male,182.27.147.123,Qt,70
674,Cornelia,Rackham,crackhamip@a8.net,Male,26.96.133.230,Sales Effectiveness,73
675,Pauline,McPhate,pmcphateiq@jugem.jp,Genderfluid,129.93.235.2,LVS,75
676,Winfred,Barczynski,wbarczynskiir@jigsy.com,Genderqueer,189.183.32.96,PQQs,75
677,Eolanda,Summons,esummonsis@aol.com,Bigender,44.122.82.174,RSL,64
678,Florella,Guidini,fguidiniit@state.gov,Male,109.156.201.121,Cvent,66
679,Emalia,Kenninghan,ekenninghaniu@youtu.be,Polygender,138.245.47.223,DTI,66
680,Henrietta,Tattam,htattamiv@archive.org,Non-binary,166.87.30.197,ECDL Certification,62
681,Sallie,Hellin,shelliniw@slideshare.net,Polygender,129.42.254.9,Jigs,71
682,Mirelle,Crimin,mcriminix@umich.edu,Male,118.33.108.130,JavaSE,76
683,Lacee,Oakland,loaklandiy@shutterfly.com,Agender,117.51.1.228,PNR,65
684,Shay,Yashin,syashiniz@loc.gov,Genderqueer,225.20.37.61,Cross-border Transactions,70
685,Doroteya,Barthorpe,dbarthorpej0@ebay.com,Genderqueer,48.243.161.149,BSR Advance,81
686,Celina,Goodinson,cgoodinsonj1@cocolog-nifty.com,Male,172.156.194.173,Kitchen Remodeling,77
687,Hyman,Anthoney,hanthoneyj2@netscape.com,Male,31.66.142.203,Sleep Apnea,77
688,Madelin,Bullard,mbullardj3@cbslocal.com,Male,169.65.198.92,QSA,77
689,Moises,Passy,mpassyj4@wufoo.com,Genderqueer,225.103.132.52,MRPII,70
690,Earl,Cudmore,ecudmorej5@jalbum.net,Non-binary,220.168.198.120,PLC Allen Bradley,72
691,Fairleigh,Brumby,fbrumbyj6@xinhuanet.com,Bigender,130.203.199.241,AV Integration,64
692,Melisenda,Loudyan,mloudyanj7@mysql.com,Polygender,117.170.81.20,HBA,74
693,Wayland,Kendall,wkendallj8@apache.org,Bigender,148.223.74.188,DCP,66
694,Brittney,Tinmouth,btinmouthj9@hexun.com,Non-binary,142.116.164.110,Osteoporosis,70
695,Abran,Cleminson,acleminsonja@nytimes.com,Genderqueer,189.249.161.146,Part-Time CFO Services,73
696,Anya,Preshous,apreshousjb@odnoklassniki.ru,Female,60.104.87.187,IAR Embedded Workbench,71
697,Jeno,Croley,jcroleyjc@webs.com,Non-binary,147.201.211.4,Gifted Education,67
698,Adi,Matyushkin,amatyushkinjd@meetup.com,Agender,162.91.160.114,GC-MS,75
699,Kermy,Clyne,kclyneje@edublogs.org,Female,159.238.94.29,Process Efficiency,66
700,Seline,Wigfield,swigfieldjf@census.gov,Female,43.33.93.91,Algorithm Design,73
701,Modesty,Fazakerley,mfazakerleyjg@woothemes.com,Genderqueer,54.211.97.48,VST,68
702,Lief,Madill,lmadilljh@comcast.net,Polygender,150.101.176.155,Automotive,71
703,Walliw,Douche,wdoucheji@fastcompany.com,Polygender,197.102.250.73,eTOM,74
704,Hollie,Mapes,hmapesjj@icq.com,Agender,230.142.185.124,Agility,60
705,Karon,Karslake,kkarslakejk@webmd.com,Female,4.212.86.134,Interest Rate Derivatives,75
706,Hynda,Matterdace,hmatterdacejl@posterous.com,Genderqueer,126.246.45.189,Hyperion Reports,73
707,Bibbye,Ankers,bankersjm@taobao.com,Non-binary,74.140.172.173,Supervisory Skills,71
708,Caesar,Sandeman,csandemanjn@elpais.com,Male,89.134.70.201,Amazon S3,72
709,Fannie,Pywell,fpywelljo@apple.com,Genderfluid,69.91.246.208,CPLD,79
710,Shandeigh,Brisse,sbrissejp@ed.gov,Agender,182.20.176.158,LRO,68
711,Marena,Kirkpatrick,mkirkpatrickjq@tripadvisor.com,Genderqueer,172.188.221.120,Dysphagia,69
712,Orlando,Ervin,oervinjr@myspace.com,Male,70.129.187.84,WF,65
713,Kelsey,Brands,kbrandsjs@patch.com,Polygender,114.132.241.141,Screening,77
714,Brinna,Hogbin,bhogbinjt@wordpress.org,Genderfluid,147.137.232.200,New Hire Orientations,70
715,Seana,Maylott,smaylottju@wunderground.com,Male,87.159.104.174,Construction,68
716,Marabel,Kochs,mkochsjv@whitehouse.gov,Genderfluid,205.146.152.192,CMDB,70
717,Melloney,Sundin,msundinjw@columbia.edu,Non-binary,60.25.77.110,BMC Patrol,65
718,Milka,Bendtsen,mbendtsenjx@noaa.gov,Male,95.165.76.6,Organizational Effectiveness,68
719,Sal,Ditchburn,sditchburnjy@blogs.com,Genderqueer,86.5.108.234,SharePoint Designer,70
720,Misti,Gerdts,mgerdtsjz@youtu.be,Genderqueer,249.222.172.188,EOU,55
721,Eustace,Idiens,eidiensk0@home.pl,Polygender,106.253.249.56,Cash Handling,71
722,Roanna,Pikesley,rpikesleyk1@comcast.net,Polygender,237.177.221.28,Sony Vegas,75
723,Leola,Muckersie,lmuckersiek2@vinaora.com,Female,3.200.254.133,Hospital Sales,66
724,Jeanne,Benian,jbeniank3@flickr.com,Female,83.40.203.158,Image Manipulation,62
725,Dalli,Bette,dbettek4@tinyurl.com,Genderqueer,27.77.86.181,Eclipse RCP,79
726,Blinny,Gehrels,bgehrelsk5@usatoday.com,Female,211.25.180.194,Materials Science,67
727,Vivyanne,Grove,vgrovek6@fema.gov,Male,92.44.38.90,JBoss Application Server,80
728,Sam,Balmann,sbalmannk7@ucoz.ru,Non-binary,218.133.149.109,Tax,59
729,Dory,Wyldbore,dwyldborek8@hud.gov,Agender,82.246.133.228,FBA,73
730,Bernette,Lanfere,blanferek9@amazon.co.uk,Female,143.28.57.120,CSA 2010,76
731,Irvin,Jakobsson,ijakobssonka@studiopress.com,Genderfluid,171.48.64.169,ESRI,75
732,Alys,Gawen,agawenkb@imageshack.us,Agender,250.41.250.85,Trading,70
733,Percival,Pietesch,ppieteschkc@vkontakte.ru,Genderfluid,43.235.180.35,HRIS,73
734,Gayla,Gallamore,ggallamorekd@google.co.uk,Male,204.49.33.90,Cytogenetics,68
735,Boycey,Luckcock,bluckcockke@naver.com,Genderfluid,91.105.133.107,Start-ups,74
736,Winonah,Chominski,wchominskikf@ovh.net,Genderqueer,246.196.129.31,OAT,60
737,Arch,Oen,aoenkg@cisco.com,Non-binary,121.249.56.206,EPCM,69
738,Ellery,Bolderson,eboldersonkh@soup.io,Polygender,8.153.153.247,OS X,69
739,Fanechka,Munday,fmundayki@ezinearticles.com,Bigender,228.243.249.101,iFix,62
740,Sallyanne,Grenshields,sgrenshieldskj@globo.com,Genderqueer,115.31.221.129,WPC,58
741,Costanza,Hainey,chaineykk@about.me,Non-binary,57.229.88.221,JMF,62
742,Marianna,McCutcheon,mmccutcheonkl@sphinn.com,Bigender,255.84.54.218,ECDL Certification,78
743,Lindsey,Ortas,lortaskm@simplemachines.org,Male,221.51.154.14,Drywall,69
744,Courtney,McGaffey,cmcgaffeykn@omniture.com,Genderqueer,195.181.121.92,PPC,62
745,Adara,Lambdon,alambdonko@mozilla.org,Male,237.246.23.223,DFSS Green Belt,78
746,Sigfrid,Hawney,shawneykp@ocn.ne.jp,Agender,134.253.107.212,Software Installation,71
747,Alicia,O'Dare,aodarekq@economist.com,Non-binary,27.255.61.206,Commercial Litigation,64
748,Auroora,Prowting,aprowtingkr@blogger.com,Agender,175.201.249.53,MBS,76
749,Kirby,Rearie,krearieks@lulu.com,Bigender,73.243.164.139,IES VE,67
750,Anatola,Dumbelton,adumbeltonkt@hostgator.com,Female,103.170.214.127,Embedded SQL,62
751,Shay,McQuarter,smcquarterku@posterous.com,Non-binary,253.210.15.19,DVD Studio Pro,65
752,Kyrstin,Baish,kbaishkv@bandcamp.com,Bigender,5.210.83.61,TLM,71
753,Pollyanna,Nelsey,pnelseykw@gizmodo.com,Polygender,7.208.95.81,Thermal Oxidation,76
754,Rhiamon,Mattam,rmattamkx@fc2.com,Genderqueer,113.33.164.172,Home Health Agencies,79
755,Dinnie,O'Fallowne,dofallowneky@bloglovin.com,Bigender,247.85.34.51,FFA,67
756,Blakeley,Zwicker,bzwickerkz@icq.com,Genderfluid,127.137.159.197,CSPO,68
757,Wini,Murton,wmurtonl0@ning.com,Bigender,243.129.39.198,CBT,68
758,Hurleigh,Cadalleder,hcadallederl1@dot.gov,Male,162.66.190.102,SCADA,71
759,Laney,Pfertner,lpfertnerl2@ycombinator.com,Polygender,215.132.102.17,Church Events,73
760,Joane,Ryman,jrymanl3@blogspot.com,Female,57.29.149.97,MMIS,69
761,Aurea,Jaze,ajazel4@wikipedia.org,Male,27.251.251.128,OSI Model,63
762,Walliw,Clewer,wclewerl5@jalbum.net,Genderfluid,91.36.63.129,NXP,71
763,Janey,Yerrell,jyerrelll6@yellowbook.com,Non-binary,39.210.57.219,NTFS,73
764,Trumann,Raffin,traffinl7@ovh.net,Bigender,233.73.141.12,Guerrilla Marketing,65
765,Shea,Aldersey,salderseyl8@techcrunch.com,Genderfluid,54.106.150.230,Work Very Well with Others,68
766,Cyrill,Sivier,csivierl9@google.com,Bigender,150.174.241.81,DDR3,69
767,Ros,Goodday,rgooddayla@php.net,Genderqueer,186.12.220.149,IxLoad,67
768,Weidar,Sprowell,wsprowelllb@scientificamerican.com,Genderfluid,203.146.211.244,Administration,60
769,Ingram,Iston,iistonlc@nps.gov,Non-binary,74.207.37.112,MLA,75
770,Orelle,Beavers,obeaversld@blinklist.com,Bigender,51.135.59.93,Kinetic Typography,71
771,Mendie,Lutty,mluttyle@issuu.com,Female,214.220.183.63,SQL PL,65
772,Annadiana,Rothery,arotherylf@google.ru,Genderqueer,71.77.185.94,Molecular Biology,72
773,Madeleine,Grahlmans,mgrahlmanslg@vk.com,Genderqueer,35.182.128.28,MDA,65
774,Sophia,Birrell,sbirrelllh@dagondesign.com,Agender,78.175.188.74,Sports Injuries,71
775,Augy,Prewer,aprewerli@icq.com,Female,20.144.113.202,Global Custody,77
776,Bradly,Loddy,bloddylj@typepad.com,Genderqueer,58.199.65.31,vBulletin,65
777,Pippo,Renahan,prenahanlk@prlog.org,Agender,184.62.119.64,SBA 504,68
778,Eddie,Clogg,ecloggll@thetimes.co.uk,Genderfluid,251.207.34.176,Athlete Development,65
779,Hewe,Barbrick,hbarbricklm@shinystat.com,Polygender,214.59.31.135,Governmental Affairs,73
780,Hetti,Blacker,hblackerln@who.int,Female,136.234.179.62,OllyDbg,62
781,Margarete,Chatan,mchatanlo@blog.com,Female,78.120.191.186,Egyptology,68
782,Roddy,Bierton,rbiertonlp@psu.edu,Agender,108.212.72.200,YouTube,66
783,Rutger,Rizzetti,rrizzettilq@icq.com,Bigender,153.2.47.244,Salesforce.com,68
784,Wash,Affuso,waffusolr@imdb.com,Bigender,202.100.130.232,PWA,66
785,Leta,Maryska,lmaryskals@tinyurl.com,Bigender,56.2.162.85,PDM,71
786,Jayne,Gepp,jgepplt@home.pl,Genderfluid,174.129.38.126,Powder X-ray Diffraction,72
787,Jerrie,McNeely,jmcneelylu@cyberchimps.com,Genderqueer,34.6.43.167,Merchandising,60
788,Wally,Westnedge,wwestnedgelv@cloudflare.com,Female,179.92.89.164,LVDS,71
789,Jenda,Yakushkev,jyakushkevlw@blogger.com,Non-binary,67.105.220.172,Bloomberg Terminal,63
790,Bonnee,Sandbach,bsandbachlx@dailymail.co.uk,Non-binary,176.26.165.40,BTE,58
791,Artus,Pretley,apretleyly@newsvine.com,Genderfluid,146.117.122.228,EOI,65
792,Ossie,Delacoste,odelacostelz@upenn.edu,Agender,3.246.248.37,Grocery,67
793,Elvira,Ibert,eibertm0@dailymotion.com,Genderfluid,166.90.175.9,CQ,69
794,Salim,Gillespey,sgillespeym1@nih.gov,Bigender,113.129.132.97,Snooker,76
795,Elliot,Allkins,eallkinsm2@live.com,Agender,95.171.46.138,Fashion Blogging,68
796,Gillian,Longstreeth,glongstreethm3@seesaa.net,Male,147.220.235.102,Medical Illustration,68
797,Robb,Hudspeth,rhudspethm4@tinypic.com,Polygender,129.76.99.225,Avaya AES,65
798,Powell,Johanchon,pjohanchonm5@pinterest.com,Bigender,236.62.62.81,Higher Education Administration,75
799,Sallee,Vecard,svecardm6@privacy.gov.au,Female,65.222.132.131,Bass Guitar,81
800,Everard,MacAnespie,emacanespiem7@unicef.org,Non-binary,44.83.34.88,Kodaly,72
801,Dallas,Drees,ddreesm8@stumbleupon.com,Genderfluid,251.132.215.164,WordPress,72
802,Simonne,Brotherton,sbrothertonm9@fc2.com,Female,20.54.39.247,Earth Science,72
803,Tate,Shivlin,tshivlinma@about.com,Genderfluid,157.209.12.5,MVNO,72
804,Tailor,Durnan,tdurnanmb@altervista.org,Agender,254.209.225.87,CNOR,79
805,Hilde,Bende,hbendemc@xrea.com,Non-binary,201.147.242.245,DNA microarray,70
806,Sayer,Flaherty,sflahertymd@rambler.ru,Agender,36.239.229.92,American Politics,82
807,Benedikt,Harlock,bharlockme@hibu.com,Genderqueer,93.116.231.210,Xsan,73
808,Timmie,Fairbrother,tfairbrothermf@woothemes.com,Male,81.94.144.239,PNR,79
809,Brooke,Bernat,bbernatmg@sciencedirect.com,Agender,111.8.163.245,MDI,71
810,Marsh,Whistlecroft,mwhistlecroftmh@sourceforge.net,Non-binary,100.103.176.253,MVT,80
811,Phebe,Keggins,pkegginsmi@yolasite.com,Non-binary,122.32.196.30,MPLS Networking,79
812,Beck,Hightown,bhightownmj@nba.com,Polygender,29.107.47.133,Music History,64
813,Jaclyn,Manders,jmandersmk@ucoz.com,Male,60.21.171.50,Project Engineering,63
814,Chan,Thorsen,cthorsenml@wordpress.com,Bigender,150.152.253.109,Medical Illustration,79
815,Sasha,Jacobsson,sjacobssonmm@rakuten.co.jp,Female,99.60.100.30,Flights,68
816,Evin,Ledwich,eledwichmn@squarespace.com,Genderfluid,105.174.113.197,Educational Technology,63
817,Averil,Edgeson,aedgesonmo@scribd.com,Genderfluid,95.125.38.42,WPC,73
818,Tomasine,Durward,tdurwardmp@netscape.com,Bigender,55.39.227.36,Operations Management,74
819,Annis,Ottam,aottammq@buzzfeed.com,Genderfluid,146.219.227.75,3D Modeling,67
820,Ignace,Ivanyutin,iivanyutinmr@hugedomains.com,Non-binary,143.83.60.79,TCAD,66
821,Juieta,Balfour,jbalfourms@blogspot.com,Agender,222.218.179.199,Wine,79
822,Christabella,Cours,ccoursmt@blogspot.com,Polygender,164.29.95.181,Gmail,64
823,Lois,Flode,lflodemu@mediafire.com,Genderqueer,102.2.232.223,Framing,77
824,Pernell,Veitch,pveitchmv@artisteer.com,Polygender,116.181.3.23,Hotels,67
825,Andria,Paddy,apaddymw@techcrunch.com,Agender,121.8.43.164,ODS,62
826,Brittany,McAneny,bmcanenymx@nba.com,Non-binary,24.236.197.5,Sales Process,74
827,Isa,Ryan,iryanmy@ftc.gov,Agender,233.151.242.67,Occupational Therapists,72
828,Nefen,Gobeau,ngobeaumz@salon.com,Genderfluid,57.84.214.19,Glaucoma,66
829,Fran,Sumers,fsumersn0@wufoo.com,Non-binary,205.26.160.90,Snoring,72
830,Toby,Crimmins,tcrimminsn1@behance.net,Bigender,93.244.73.92,Whole House Renovations,74
831,Remy,Cundict,rcundictn2@altervista.org,Non-binary,2.198.151.108,Russian,75
832,Kevin,Molyneaux,kmolyneauxn3@businesswire.com,Agender,244.192.95.214,Clinical Supervision,69
833,Chloette,Cockshott,ccockshottn4@toplist.cz,Polygender,85.83.197.233,Billing Systems,60
834,Marlo,Gabriely,mgabrielyn5@netvibes.com,Male,184.62.125.244,CCTV,74
835,Ayn,Tryme,atrymen6@latimes.com,Male,94.132.87.168,BBQ,60
836,Uri,Burnhams,uburnhamsn7@engadget.com,Genderfluid,205.241.168.51,Stakeholder Management,66
837,Cornelius,Pipkin,cpipkinn8@exblog.jp,Genderfluid,194.142.232.69,RCMS,64
838,Chanda,Skirving,cskirvingn9@t-online.de,Genderfluid,214.169.186.101,Contract Management,70
839,Suzi,Goodhand,sgoodhandna@census.gov,Agender,72.195.195.46,Xoops,69
840,Salmon,St. Clair,sstclairnb@unesco.org,Male,120.49.246.100,Legal Liability,69
841,Reed,Davenhill,rdavenhillnc@tinypic.com,Male,135.158.44.248,DCM,74
842,Isadore,Schlag,ischlagnd@eventbrite.com,Genderqueer,93.196.164.191,ISO,70
843,Loy,Cuncarr,lcuncarrne@pinterest.com,Genderqueer,122.219.52.239,DOS,66
844,Guillaume,Alldritt,galldrittnf@shareasale.com,Genderfluid,99.15.51.69,RT-PCR,68
845,Harwilll,Butters,hbuttersng@cnn.com,Non-binary,168.86.39.231,Legislative Affairs,75
846,Aloysius,Robbeke,arobbekenh@nbcnews.com,Male,51.18.171.192,VMM,72
847,Danita,Patnelli,dpatnellini@twitter.com,Male,23.68.14.161,CCU,76
848,Kathryne,Khilkov,kkhilkovnj@chicagotribune.com,Female,185.185.142.73,Writing,64
849,Aili,Baudassi,abaudassink@icq.com,Genderqueer,193.85.185.215,HPHT,63
850,Emili,Winfrey,ewinfreynl@ovh.net,Polygender,184.93.30.38,Snooker,69
851,Zerk,Pilpovic,zpilpovicnm@howstuffworks.com,Female,199.99.207.6,Kubuntu,63
852,Jennifer,Thurnham,jthurnhamnn@nasa.gov,Non-binary,225.142.63.186,YSlow,78
853,Brook,Pyffe,bpyffeno@freewebs.com,Bigender,95.102.155.141,Human Anatomy,68
854,Niel,Durden,ndurdennp@prlog.org,Polygender,191.99.168.213,Electrical Design,73
855,Natasha,Petrazzi,npetrazzinq@boston.com,Genderfluid,181.74.156.50,SBA,80
856,Leeanne,Ricoald,lricoaldnr@mayoclinic.com,Female,241.47.159.85,Not for Profit,69
857,Clarey,Bevens,cbevensns@friendfeed.com,Genderfluid,230.221.212.51,Oxygen XML Editor,61
858,Lorianne,Donaway,ldonawaynt@godaddy.com,Male,36.236.241.234,CQA,73
859,Dory,Spalding,dspaldingnu@eepurl.com,Agender,18.28.182.110,KDB+,69
860,Rosie,McShirie,rmcshirienv@ucoz.com,Non-binary,185.41.226.112,Upstream,63
861,Noe,Shea,nsheanw@wsj.com,Non-binary,249.114.214.109,MPages,69
862,Shay,Stuer,sstuernx@timesonline.co.uk,Agender,245.235.56.11,Fine Dining,71
863,Antonietta,Bocking,abockingny@csmonitor.com,Genderqueer,50.146.73.131,Bankruptcy,64
864,Orella,Freen,ofreennz@soup.io,Non-binary,49.185.64.127,JCE,66
865,Robinson,Bernardes,rbernardeso0@about.com,Genderqueer,19.142.85.114,Public Policy,74
866,Loy,Wincom,lwincomo1@theguardian.com,Polygender,156.198.230.189,Psychological Assessment,74
867,Arleyne,Hatherley,ahatherleyo2@whitehouse.gov,Male,33.6.24.133,Veterinary Medicine,70
868,Bartholemy,Walkey,bwalkeyo3@cdbaby.com,Non-binary,135.204.145.203,Oxygen,67
869,Mandy,De Caville,mdecavilleo4@etsy.com,Bigender,201.195.113.159,LLBLGen,74
870,Marcelo,Caselick,mcaselicko5@telegraph.co.uk,Female,107.248.209.156,Lubricants,69
871,Elie,Fowgies,efowgieso6@squidoo.com,Genderfluid,34.213.43.109,IC,71
872,Erika,Sloat,esloato7@digg.com,Non-binary,82.201.197.51,DDA compliance,71
873,Fields,Lighton,flightono8@dion.ne.jp,Genderqueer,216.227.247.249,SNMP,70
874,Maxie,Ceschelli,mceschellio9@forbes.com,Genderfluid,114.35.3.254,Classroom,72
875,Ronnica,Ghirardi,rghirardioa@hugedomains.com,Agender,77.131.85.192,Single Family Homes,67
876,Allan,Harley,aharleyob@google.com.hk,Genderfluid,186.39.189.201,Compliance Oversight,75
877,Jonas,Woodhams,jwoodhamsoc@fotki.com,Male,64.127.36.179,FFE,65
878,Demetra,Battrum,dbattrumod@dion.ne.jp,Female,37.231.216.224,Union Avoidance,77
879,Bendick,Ronaghan,bronaghanoe@addtoany.com,Agender,26.99.26.98,PWM,71
880,Hamel,Lipgens,hlipgensof@drupal.org,Agender,109.66.219.235,Mortgage Underwriting,71
881,Sinclare,Roadnight,sroadnightog@washington.edu,Female,49.202.153.181,Vital Signs,72
882,Berk,Kadar,bkadaroh@reverbnation.com,Genderfluid,35.140.5.26,Ion Channels,77
883,Wilmer,Pye,wpyeoi@rediff.com,Bigender,249.23.210.230,Erosion,70
884,Eddy,Galton,egaltonoj@csmonitor.com,Non-binary,182.9.4.58,Psychopharmacology,69
885,Jarret,Orpen,jorpenok@uiuc.edu,Agender,202.107.25.164,Vulnerability Scanning,71
886,Brit,Furniss,bfurnissol@archive.org,Agender,95.169.162.234,SRST,74
887,Flossi,Edgar,fedgarom@oracle.com,Male,63.19.177.13,Bank Reconciliation,68
888,Katherine,Langthorne,klangthorneon@fc2.com,Agender,146.177.226.11,HR Metrics,57
889,Arabela,Hakonsson,ahakonssonoo@google.ru,Non-binary,107.17.30.254,Sound,67
890,Ermin,McClary,emcclaryop@creativecommons.org,Male,254.64.72.105,HTTPS,68
891,Murielle,Petasch,mpetaschoq@google.ru,Agender,226.191.161.173,Home Equity Lines of Credit,70
892,Kessiah,Rappoport,krappoportor@hostgator.com,Non-binary,248.44.226.146,Document Management,74
893,Wit,Siene,wsieneos@hud.gov,Non-binary,39.192.159.70,DTA,64
894,Noemi,Hopkins,nhopkinsot@smugmug.com,Polygender,143.154.54.184,Zenoss,65
895,Melloney,Persey,mperseyou@bbb.org,Female,252.221.122.172,Klarity,72
896,Lelia,Dahmke,ldahmkeov@google.co.jp,Male,149.191.35.114,PKI,65
897,Ingeberg,Extance,iextanceow@noaa.gov,Male,131.208.173.232,HVAC Controls,66
898,Millard,Blague,mblagueox@google.com.au,Genderqueer,224.226.94.170,Hospital Sales,67
899,Bonnee,Perone,bperoneoy@fema.gov,Genderqueer,34.181.165.58,VMware vSphere,70
900,Athena,Tuson,atusonoz@sfgate.com,Polygender,185.44.205.144,TPD,71
901,Katharyn,Gronaver,kgronaverp0@behance.net,Female,22.183.212.132,DLC,75
902,Gavrielle,Bromby,gbrombyp1@imageshack.us,Polygender,127.142.202.223,Dogs,75
903,Harley,O' Lone,holonep2@yandex.ru,Genderfluid,106.195.85.193,Berkeley DB,73
904,Glenna,Cuel,gcuelp3@ftc.gov,Agender,211.148.176.83,DDI,73
905,Stuart,Christofe,schristofep4@cnet.com,Genderqueer,1.42.131.213,Listings,61
906,Bailey,Ovill,bovillp5@rambler.ru,Genderfluid,155.226.136.102,Toxicology,63
907,Tanney,Meighan,tmeighanp6@printfriendly.com,Bigender,13.156.74.182,MFC,72
908,Emile,Sherebrooke,esherebrookep7@shinystat.com,Male,77.18.136.114,Test Planning,65
909,Abbie,Milington,amilingtonp8@xinhuanet.com,Polygender,113.206.251.213,Tax,62
910,Myrlene,Senter,msenterp9@state.tx.us,Male,171.83.69.174,Waterfall,62
911,Bron,Guslon,bguslonpa@huffingtonpost.com,Bigender,187.219.157.220,PXE,64
912,Mychal,Corking,mcorkingpb@sciencedaily.com,Genderqueer,254.160.166.146,ERISA,65
913,Carmelita,Darell,cdarellpc@usa.gov,Non-binary,60.179.111.179,Amadeus,66
914,Gail,Hebden,ghebdenpd@ehow.com,Genderfluid,68.32.210.13,Corporate Governance,64
915,Carmelita,Geddes,cgeddespe@ebay.co.uk,Polygender,160.217.23.61,IICRC Certifications,79
916,Shawnee,Tacon,staconpf@berkeley.edu,Female,55.229.53.204,CTFL,70
917,Roscoe,Hummerston,rhummerstonpg@cocolog-nifty.com,Non-binary,155.172.180.111,MRAM,64
918,Thomasina,Frammingham,tframminghamph@sogou.com,Genderfluid,136.39.37.112,dtSearch,77
919,Natka,Stringman,nstringmanpi@dropbox.com,Polygender,4.130.163.60,Chamber Music,72
920,Coreen,O'Kane,cokanepj@si.edu,Non-binary,20.241.146.77,JMeter,64
921,Dania,Skeeles,dskeelespk@mtv.com,Genderfluid,20.74.168.3,Dell KACE,65
922,Lian,Vickress,lvickresspl@youtube.com,Male,99.243.5.122,Interest Rate Derivatives,75
923,Jakie,Checcucci,jcheccuccipm@comsenz.com,Male,235.107.251.146,Rugby,76
924,Adrien,Baigrie,abaigriepn@gov.uk,Genderqueer,71.86.115.89,Vacation Homes,69
925,Rania,Bolt,rboltpo@nature.com,Genderqueer,74.80.25.238,AAT,73
926,Emelda,Camellini,ecamellinipp@infoseek.co.jp,Genderqueer,245.99.96.66,Agriculture,74
927,Brnaby,McGrail,bmcgrailpq@usgs.gov,Non-binary,8.174.227.238,JGrasp,74
928,Simeon,Lampet,slampetpr@cam.ac.uk,Genderfluid,248.231.68.206,CQS,67
929,Emilio,Presslie,epresslieps@utexas.edu,Genderqueer,89.115.22.107,Fitness,74
930,Ursala,Coley,ucoleypt@blogs.com,Polygender,218.13.93.137,MPEG,72
931,Caresa,Seyffert,cseyffertpu@wikia.com,Non-binary,241.192.221.78,Ocular Disease,71
932,Raddie,Chapling,rchaplingpv@dropbox.com,Bigender,144.155.1.173,EEO Reporting,70
933,Hanni,Rosario,hrosariopw@ucsd.edu,Non-binary,237.250.229.237,Functional Training,79
934,Roseann,Atwood,ratwoodpx@vkontakte.ru,Genderfluid,115.203.128.55,EOC,66
935,Vinny,Viste,vvistepy@github.com,Female,57.165.89.149,OAM,79
936,Fifine,Sankey,fsankeypz@uiuc.edu,Polygender,255.67.83.59,Civil Engineering,71
937,Leelah,Leftly,lleftlyq0@aboutads.info,Bigender,69.39.22.57,RCDD,68
938,Maxine,Float,mfloatq1@cnn.com,Female,123.174.240.142,Ethernet over SDH,71
939,Averill,Hordle,ahordleq2@sciencedaily.com,Female,121.194.135.175,401k Rollovers,67
940,Mabel,Oty,motyq3@howstuffworks.com,Genderfluid,53.6.23.75,SDSF,78
941,Winny,Tharme,wtharmeq4@kickstarter.com,Female,106.227.255.1,Public Health,71
942,Lusa,Ellson,lellsonq5@google.com.au,Male,14.74.193.106,MMS,74
943,Ignaz,Murrigan,imurriganq6@livejournal.com,Genderqueer,55.105.12.174,Supporting Others,64
944,Vale,Ranstead,vransteadq7@fema.gov,Non-binary,140.136.226.162,Basel II,64
945,Tabbie,Carvilla,tcarvillaq8@google.it,Agender,127.191.100.12,Two-way Radio,76
946,Malvina,Cudihy,mcudihyq9@vkontakte.ru,Agender,191.103.77.194,Federal Grants Management,66
947,Halli,Benedtti,hbenedttiqa@baidu.com,Agender,202.172.23.66,HLSL,71
948,Valina,MacMoyer,vmacmoyerqb@gov.uk,Genderfluid,237.25.139.228,Intergovernmental Affairs,69
949,Ravi,Philipps,rphilippsqc@reddit.com,Female,144.41.78.35,Auditing,67
950,Hewe,Knappe,hknappeqd@independent.co.uk,Genderfluid,220.78.169.221,NQA-1,61
951,Tiff,Kellard,tkellardqe@goo.gl,Polygender,218.222.217.122,IBM Tivoli,69
952,Clarie,Franca,cfrancaqf@ustream.tv,Female,60.71.53.182,FPGA,75
953,Brynn,Geany,bgeanyqg@comsenz.com,Genderqueer,1.6.111.212,Teaching Writing,69
954,Fae,Claydon,fclaydonqh@harvard.edu,Female,158.62.94.2,CQC,72
955,Corilla,Symmers,csymmersqi@devhub.com,Genderfluid,106.36.64.151,Sage ERP X3,62
956,Faustina,Fownes,ffownesqj@salon.com,Female,165.105.9.114,iWeb,70
957,Noble,Costar,ncostarqk@google.de,Agender,205.8.118.129,IEEE 802.3,60
958,Clay,Bulteel,cbulteelql@craigslist.org,Genderfluid,118.180.14.150,SAP MDM,69
959,Dale,Merryman,dmerrymanqm@meetup.com,Genderqueer,210.245.98.66,WCB,71
960,Roscoe,Cotman,rcotmanqn@hc360.com,Polygender,14.241.31.36,Apartments,56
961,Nap,Mandres,nmandresqo@joomla.org,Female,141.203.250.122,PPPoA,74
962,Lorettalorna,Coon,lcoonqp@ow.ly,Agender,23.147.216.94,FNMA,68
963,Mady,Macknish,mmacknishqq@chron.com,Bigender,56.31.5.3,NCover,69
964,Holly,Swainston,hswainstonqr@hhs.gov,Bigender,207.100.54.213,PDL,77
965,Darcey,Joseland,djoselandqs@bandcamp.com,Genderqueer,246.49.132.130,Film,75
966,Derry,Luce,dluceqt@blogtalkradio.com,Polygender,52.143.154.251,GTP,59
967,Niki,Duchart,nduchartqu@sohu.com,Genderfluid,89.142.16.205,Epistemology,77
968,Augustina,Grouvel,agrouvelqv@blog.com,Female,231.48.140.34,PyGTK,73
969,Coleman,Livermore,clivermoreqw@ebay.com,Agender,246.81.206.235,FX Hedging,67
970,Lynette,Bevans,lbevansqx@constantcontact.com,Genderfluid,236.250.52.58,LTSpice,72
971,Sisely,Petrusch,spetruschqy@vk.com,Polygender,149.248.95.31,Banners,63
972,Alexis,Tevelov,atevelovqz@simplemachines.org,Male,77.106.59.2,Proposal Writing,81
973,Paulie,Yeskin,pyeskinr0@thetimes.co.uk,Bigender,240.36.106.25,VPP,74
974,Siward,Derges,sdergesr1@apple.com,Polygender,34.58.58.237,IVD,62
975,Stephie,Coche,scocher2@uol.com.br,Male,103.162.255.17,Ejabberd,67
976,Dov,Poker,dpokerr3@theatlantic.com,Agender,7.153.67.87,ASP.NET MVC,80
977,Glory,Dargavel,gdargavelr4@europa.eu,Polygender,147.85.104.205,Electric Power,70
978,Isak,Finding,ifindingr5@latimes.com,Genderqueer,99.119.171.89,Speech Writing,74
979,Dimitry,Crichton,dcrichtonr6@vkontakte.ru,Female,178.196.190.120,Construction Management,70
980,Winonah,Sworn,wswornr7@prlog.org,Female,177.185.210.45,RUP,67
981,Myriam,Trulocke,mtrulocker8@ask.com,Bigender,62.38.94.160,Information Security Awareness,71
982,Timmy,Legan,tleganr9@scribd.com,Agender,112.222.16.130,Alcohol Awareness,68
983,Paul,Selburn,pselburnra@istockphoto.com,Bigender,41.34.162.237,Legal Research,68
984,Jessie,Giorgeschi,jgiorgeschirb@instagram.com,Bigender,181.241.254.19,GFI,75
985,Stirling,Mardee,smardeerc@yellowbook.com,Female,210.82.77.33,MVC Architecture,77
986,Fleur,Lambirth,flambirthrd@wufoo.com,Genderqueer,11.186.242.207,FHLMC,72
987,Keane,Croneen,kcroneenre@php.net,Bigender,100.162.6.83,ZeroMQ,76
988,Obie,Terbeck,oterbeckrf@barnesandnoble.com,Female,47.184.189.246,WSH,66
989,Casey,Ellery,celleryrg@mac.com,Polygender,37.196.241.30,Nonprofits,73
990,Wally,Litherland,wlitherlandrh@bandcamp.com,Genderqueer,127.214.157.123,SWOT analysis,67
991,Ingrid,Castro,icastrori@washingtonpost.com,Agender,65.65.93.58,High Net Worth Individuals,67
992,Nicoline,Mingo,nmingorj@netlog.com,Female,141.103.66.241,Cisco VoIP,70
993,Nydia,Sidebotham,nsidebothamrk@tmall.com,Bigender,178.198.90.8,BPT,69
994,Averil,Bodman,abodmanrl@themeforest.net,Agender,143.246.35.225,FHLMC,72
995,Shae,Olivetti,solivettirm@angelfire.com,Agender,73.20.149.129,iSCSI,79
996,Osmond,Malling,omallingrn@skyrock.com,Genderfluid,35.4.63.171,Athlete Development,71
997,Cristionna,Pullar,cpullarro@bravesites.com,Bigender,65.231.28.229,Church Events,68
998,Nessa,Le Frank,nlefrankrp@squarespace.com,Bigender,190.119.180.74,Corporate Tax,73
999,Nissie,Espin,nespinrq@hexun.com,Male,0.10.178.144,Mobile TV,70
1000,Quinn,Kays,qkaysrr@geocities.jp,Polygender,247.155.253.5,Plant Identification,73
